/home/eldar/robocar/Tempfiles/ML_lane_follow/DataCollected/IMG4/Image_168045796196142.jpg,0.0
/home/eldar/robocar/Tempfiles/ML_lane_follow/DataCollected/IMG4/Image_1680457961975349.jpg,0.0
/home/eldar/robocar/Tempfiles/ML_lane_follow/DataCollected/IMG4/Image_1680457962001182.jpg,0.0
/home/eldar/robocar/Tempfiles/ML_lane_follow/DataCollected/IMG4/Image_1680457962011259.jpg,0.0
/home/eldar/robocar/Tempfiles/ML_lane_follow/DataCollected/IMG4/Image_1680457962037855.jpg,0.0
/home/eldar/robocar/Tempfiles/ML_lane_follow/DataCollected/IMG4/Image_1680457962059285.jpg,0.0
/home/eldar/robocar/Tempfiles/ML_lane_follow/DataCollected/IMG4/Image_1680457962069245.jpg,0.0
/home/eldar/robocar/Tempfiles/ML_lane_follow/DataCollected/IMG4/Image_1680457962079979.jpg,0.0
/home/eldar/robocar/Tempfiles/ML_lane_follow/DataCollected/IMG4/Image_1680457962094287.jpg,0.0
/home/eldar/robocar/Tempfiles/ML_lane_follow/DataCollected/IMG4/Image_168045796212756.jpg,0.0
/home/eldar/robocar/Tempfiles/ML_lane_follow/DataCollected/IMG4/Image_1680457962164701.jpg,0.0
/home/eldar/robocar/Tempfiles/ML_lane_follow/DataCollected/IMG4/Image_168045796219881.jpg,0.0
/home/eldar/robocar/Tempfiles/ML_lane_follow/DataCollected/IMG4/Image_1680457962232684.jpg,0.0
/home/eldar/robocar/Tempfiles/ML_lane_follow/DataCollected/IMG4/Image_1680457962263752.jpg,0.0
/home/eldar/robocar/Tempfiles/ML_lane_follow/DataCollected/IMG4/Image_1680457962294373.jpg,0.0
/home/eldar/robocar/Tempfiles/ML_lane_follow/DataCollected/IMG4/Image_1680457962328297.jpg,0.0
/home/eldar/robocar/Tempfiles/ML_lane_follow/DataCollected/IMG4/Image_1680457962364841.jpg,0.0
/home/eldar/robocar/Tempfiles/ML_lane_follow/DataCollected/IMG4/Image_168045796239527.jpg,0.0
/home/eldar/robocar/Tempfiles/ML_lane_follow/DataCollected/IMG4/Image_1680457962428631.jpg,0.0
/home/eldar/robocar/Tempfiles/ML_lane_follow/DataCollected/IMG4/Image_1680457962461046.jpg,0.0
/home/eldar/robocar/Tempfiles/ML_lane_follow/DataCollected/IMG4/Image_1680457962491057.jpg,0.0
/home/eldar/robocar/Tempfiles/ML_lane_follow/DataCollected/IMG4/Image_168045796252616.jpg,0.0
/home/eldar/robocar/Tempfiles/ML_lane_follow/DataCollected/IMG4/Image_1680457962557726.jpg,0.0
/home/eldar/robocar/Tempfiles/ML_lane_follow/DataCollected/IMG4/Image_1680457962590409.jpg,0.0
/home/eldar/robocar/Tempfiles/ML_lane_follow/DataCollected/IMG4/Image_1680457962624116.jpg,0.0
/home/eldar/robocar/Tempfiles/ML_lane_follow/DataCollected/IMG4/Image_1680457962658305.jpg,0.0
/home/eldar/robocar/Tempfiles/ML_lane_follow/DataCollected/IMG4/Image_1680457962692116.jpg,0.0
/home/eldar/robocar/Tempfiles/ML_lane_follow/DataCollected/IMG4/Image_1680457962723883.jpg,0.0
/home/eldar/robocar/Tempfiles/ML_lane_follow/DataCollected/IMG4/Image_1680457962756944.jpg,0.0
/home/eldar/robocar/Tempfiles/ML_lane_follow/DataCollected/IMG4/Image_1680457962790515.jpg,0.0
/home/eldar/robocar/Tempfiles/ML_lane_follow/DataCollected/IMG4/Image_168045796282415.jpg,0.0
/home/eldar/robocar/Tempfiles/ML_lane_follow/DataCollected/IMG4/Image_1680457962858687.jpg,0.0
/home/eldar/robocar/Tempfiles/ML_lane_follow/DataCollected/IMG4/Image_1680457962890417.jpg,0.0
/home/eldar/robocar/Tempfiles/ML_lane_follow/DataCollected/IMG4/Image_1680457962925611.jpg,0.0
/home/eldar/robocar/Tempfiles/ML_lane_follow/DataCollected/IMG4/Image_1680457962957342.jpg,0.0
/home/eldar/robocar/Tempfiles/ML_lane_follow/DataCollected/IMG4/Image_1680457962991378.jpg,0.0
/home/eldar/robocar/Tempfiles/ML_lane_follow/DataCollected/IMG4/Image_1680457963025391.jpg,0.0
/home/eldar/robocar/Tempfiles/ML_lane_follow/DataCollected/IMG4/Image_1680457963057198.jpg,0.0
/home/eldar/robocar/Tempfiles/ML_lane_follow/DataCollected/IMG4/Image_1680457963090806.jpg,0.0
/home/eldar/robocar/Tempfiles/ML_lane_follow/DataCollected/IMG4/Image_1680457963123502.jpg,0.0
/home/eldar/robocar/Tempfiles/ML_lane_follow/DataCollected/IMG4/Image_1680457963158494.jpg,0.0
/home/eldar/robocar/Tempfiles/ML_lane_follow/DataCollected/IMG4/Image_1680457963196984.jpg,0.0
/home/eldar/robocar/Tempfiles/ML_lane_follow/DataCollected/IMG4/Image_1680457963229357.jpg,0.0
/home/eldar/robocar/Tempfiles/ML_lane_follow/DataCollected/IMG4/Image_1680457963262576.jpg,0.0
/home/eldar/robocar/Tempfiles/ML_lane_follow/DataCollected/IMG4/Image_1680457963293281.jpg,0.0
/home/eldar/robocar/Tempfiles/ML_lane_follow/DataCollected/IMG4/Image_168045796332704.jpg,0.0
/home/eldar/robocar/Tempfiles/ML_lane_follow/DataCollected/IMG4/Image_1680457963367071.jpg,0.0
/home/eldar/robocar/Tempfiles/ML_lane_follow/DataCollected/IMG4/Image_1680457963395024.jpg,0.0
/home/eldar/robocar/Tempfiles/ML_lane_follow/DataCollected/IMG4/Image_1680457963428088.jpg,0.0
/home/eldar/robocar/Tempfiles/ML_lane_follow/DataCollected/IMG4/Image_1680457963460379.jpg,0.0
/home/eldar/robocar/Tempfiles/ML_lane_follow/DataCollected/IMG4/Image_1680457963490412.jpg,0.0
/home/eldar/robocar/Tempfiles/ML_lane_follow/DataCollected/IMG4/Image_1680457963525346.jpg,0.0
/home/eldar/robocar/Tempfiles/ML_lane_follow/DataCollected/IMG4/Image_1680457963556863.jpg,0.0
/home/eldar/robocar/Tempfiles/ML_lane_follow/DataCollected/IMG4/Image_1680457963590442.jpg,0.0
/home/eldar/robocar/Tempfiles/ML_lane_follow/DataCollected/IMG4/Image_1680457963623804.jpg,0.0
/home/eldar/robocar/Tempfiles/ML_lane_follow/DataCollected/IMG4/Image_1680457963657842.jpg,0.0
/home/eldar/robocar/Tempfiles/ML_lane_follow/DataCollected/IMG4/Image_1680457963691613.jpg,0.0
/home/eldar/robocar/Tempfiles/ML_lane_follow/DataCollected/IMG4/Image_1680457963723598.jpg,0.0
/home/eldar/robocar/Tempfiles/ML_lane_follow/DataCollected/IMG4/Image_1680457963756869.jpg,0.0
/home/eldar/robocar/Tempfiles/ML_lane_follow/DataCollected/IMG4/Image_1680457963791231.jpg,0.999969482421875
/home/eldar/robocar/Tempfiles/ML_lane_follow/DataCollected/IMG4/Image_1680457963823295.jpg,0.999969482421875
/home/eldar/robocar/Tempfiles/ML_lane_follow/DataCollected/IMG4/Image_1680457963858775.jpg,0.999969482421875
/home/eldar/robocar/Tempfiles/ML_lane_follow/DataCollected/IMG4/Image_1680457963890148.jpg,0.999969482421875
/home/eldar/robocar/Tempfiles/ML_lane_follow/DataCollected/IMG4/Image_1680457963923448.jpg,0.999969482421875
/home/eldar/robocar/Tempfiles/ML_lane_follow/DataCollected/IMG4/Image_1680457963956728.jpg,0.999969482421875
/home/eldar/robocar/Tempfiles/ML_lane_follow/DataCollected/IMG4/Image_1680457963990942.jpg,0.999969482421875
/home/eldar/robocar/Tempfiles/ML_lane_follow/DataCollected/IMG4/Image_1680457964025077.jpg,0.999969482421875
/home/eldar/robocar/Tempfiles/ML_lane_follow/DataCollected/IMG4/Image_1680457964056837.jpg,0.999969482421875
/home/eldar/robocar/Tempfiles/ML_lane_follow/DataCollected/IMG4/Image_1680457964091624.jpg,0.999969482421875
/home/eldar/robocar/Tempfiles/ML_lane_follow/DataCollected/IMG4/Image_1680457964123487.jpg,0.999969482421875
/home/eldar/robocar/Tempfiles/ML_lane_follow/DataCollected/IMG4/Image_1680457964156541.jpg,0.999969482421875
/home/eldar/robocar/Tempfiles/ML_lane_follow/DataCollected/IMG4/Image_1680457964196328.jpg,0.999969482421875
/home/eldar/robocar/Tempfiles/ML_lane_follow/DataCollected/IMG4/Image_1680457964227998.jpg,0.999969482421875
/home/eldar/robocar/Tempfiles/ML_lane_follow/DataCollected/IMG4/Image_1680457964261534.jpg,0.999969482421875
/home/eldar/robocar/Tempfiles/ML_lane_follow/DataCollected/IMG4/Image_1680457964293786.jpg,0.999969482421875
/home/eldar/robocar/Tempfiles/ML_lane_follow/DataCollected/IMG4/Image_1680457964327809.jpg,0.999969482421875
/home/eldar/robocar/Tempfiles/ML_lane_follow/DataCollected/IMG4/Image_1680457964361837.jpg,0.999969482421875
/home/eldar/robocar/Tempfiles/ML_lane_follow/DataCollected/IMG4/Image_1680457964394119.jpg,0.999969482421875
/home/eldar/robocar/Tempfiles/ML_lane_follow/DataCollected/IMG4/Image_1680457964427577.jpg,0.999969482421875
/home/eldar/robocar/Tempfiles/ML_lane_follow/DataCollected/IMG4/Image_1680457964460793.jpg,0.999969482421875
/home/eldar/robocar/Tempfiles/ML_lane_follow/DataCollected/IMG4/Image_1680457964491568.jpg,0.999969482421875
/home/eldar/robocar/Tempfiles/ML_lane_follow/DataCollected/IMG4/Image_1680457964525069.jpg,0.999969482421875
/home/eldar/robocar/Tempfiles/ML_lane_follow/DataCollected/IMG4/Image_1680457964556989.jpg,0.999969482421875
/home/eldar/robocar/Tempfiles/ML_lane_follow/DataCollected/IMG4/Image_1680457964589559.jpg,0.999969482421875
/home/eldar/robocar/Tempfiles/ML_lane_follow/DataCollected/IMG4/Image_1680457964623006.jpg,0.999969482421875
/home/eldar/robocar/Tempfiles/ML_lane_follow/DataCollected/IMG4/Image_1680457964657473.jpg,0.999969482421875
/home/eldar/robocar/Tempfiles/ML_lane_follow/DataCollected/IMG4/Image_1680457964693866.jpg,0.999969482421875
/home/eldar/robocar/Tempfiles/ML_lane_follow/DataCollected/IMG4/Image_1680457964722762.jpg,0.999969482421875
/home/eldar/robocar/Tempfiles/ML_lane_follow/DataCollected/IMG4/Image_1680457964756241.jpg,0.999969482421875
/home/eldar/robocar/Tempfiles/ML_lane_follow/DataCollected/IMG4/Image_1680457964790629.jpg,0.999969482421875
/home/eldar/robocar/Tempfiles/ML_lane_follow/DataCollected/IMG4/Image_1680457964823166.jpg,0.999969482421875
/home/eldar/robocar/Tempfiles/ML_lane_follow/DataCollected/IMG4/Image_1680457964857924.jpg,0.999969482421875
/home/eldar/robocar/Tempfiles/ML_lane_follow/DataCollected/IMG4/Image_1680457964890959.jpg,0.999969482421875
/home/eldar/robocar/Tempfiles/ML_lane_follow/DataCollected/IMG4/Image_1680457964922976.jpg,0.999969482421875
/home/eldar/robocar/Tempfiles/ML_lane_follow/DataCollected/IMG4/Image_1680457964956342.jpg,0.999969482421875
/home/eldar/robocar/Tempfiles/ML_lane_follow/DataCollected/IMG4/Image_1680457964991481.jpg,0.0
/home/eldar/robocar/Tempfiles/ML_lane_follow/DataCollected/IMG4/Image_1680457965024592.jpg,0.0
/home/eldar/robocar/Tempfiles/ML_lane_follow/DataCollected/IMG4/Image_1680457965056058.jpg,0.0
/home/eldar/robocar/Tempfiles/ML_lane_follow/DataCollected/IMG4/Image_1680457965089619.jpg,0.0
/home/eldar/robocar/Tempfiles/ML_lane_follow/DataCollected/IMG4/Image_1680457965122806.jpg,0.0
/home/eldar/robocar/Tempfiles/ML_lane_follow/DataCollected/IMG4/Image_1680457965155934.jpg,0.0
/home/eldar/robocar/Tempfiles/ML_lane_follow/DataCollected/IMG4/Image_1680457965195677.jpg,0.0
/home/eldar/robocar/Tempfiles/ML_lane_follow/DataCollected/IMG4/Image_16804579652281.jpg,0.0
/home/eldar/robocar/Tempfiles/ML_lane_follow/DataCollected/IMG4/Image_1680457965260753.jpg,0.0
/home/eldar/robocar/Tempfiles/ML_lane_follow/DataCollected/IMG4/Image_1680457965293635.jpg,0.0
/home/eldar/robocar/Tempfiles/ML_lane_follow/DataCollected/IMG4/Image_1680457965327487.jpg,0.999969482421875
/home/eldar/robocar/Tempfiles/ML_lane_follow/DataCollected/IMG4/Image_1680457965362998.jpg,0.999969482421875
/home/eldar/robocar/Tempfiles/ML_lane_follow/DataCollected/IMG4/Image_1680457965393787.jpg,0.999969482421875
/home/eldar/robocar/Tempfiles/ML_lane_follow/DataCollected/IMG4/Image_1680457965426596.jpg,0.999969482421875
/home/eldar/robocar/Tempfiles/ML_lane_follow/DataCollected/IMG4/Image_16804579654607.jpg,0.999969482421875
/home/eldar/robocar/Tempfiles/ML_lane_follow/DataCollected/IMG4/Image_168045796548965.jpg,0.999969482421875
/home/eldar/robocar/Tempfiles/ML_lane_follow/DataCollected/IMG4/Image_1680457965524421.jpg,0.999969482421875
/home/eldar/robocar/Tempfiles/ML_lane_follow/DataCollected/IMG4/Image_168045796555602.jpg,0.999969482421875
/home/eldar/robocar/Tempfiles/ML_lane_follow/DataCollected/IMG4/Image_1680457965589367.jpg,0.999969482421875
/home/eldar/robocar/Tempfiles/ML_lane_follow/DataCollected/IMG4/Image_1680457965622704.jpg,0.999969482421875
/home/eldar/robocar/Tempfiles/ML_lane_follow/DataCollected/IMG4/Image_1680457965657032.jpg,0.999969482421875
/home/eldar/robocar/Tempfiles/ML_lane_follow/DataCollected/IMG4/Image_1680457965690871.jpg,0.999969482421875
/home/eldar/robocar/Tempfiles/ML_lane_follow/DataCollected/IMG4/Image_1680457965722548.jpg,0.999969482421875
/home/eldar/robocar/Tempfiles/ML_lane_follow/DataCollected/IMG4/Image_1680457965755922.jpg,0.999969482421875
/home/eldar/robocar/Tempfiles/ML_lane_follow/DataCollected/IMG4/Image_1680457965789555.jpg,0.999969482421875
/home/eldar/robocar/Tempfiles/ML_lane_follow/DataCollected/IMG4/Image_1680457965824219.jpg,0.999969482421875
/home/eldar/robocar/Tempfiles/ML_lane_follow/DataCollected/IMG4/Image_1680457965857935.jpg,0.999969482421875
/home/eldar/robocar/Tempfiles/ML_lane_follow/DataCollected/IMG4/Image_1680457965888941.jpg,0.999969482421875
/home/eldar/robocar/Tempfiles/ML_lane_follow/DataCollected/IMG4/Image_1680457965922616.jpg,0.999969482421875
/home/eldar/robocar/Tempfiles/ML_lane_follow/DataCollected/IMG4/Image_1680457965956421.jpg,0.999969482421875
/home/eldar/robocar/Tempfiles/ML_lane_follow/DataCollected/IMG4/Image_1680457965990102.jpg,0.999969482421875
/home/eldar/robocar/Tempfiles/ML_lane_follow/DataCollected/IMG4/Image_1680457966024814.jpg,0.999969482421875
/home/eldar/robocar/Tempfiles/ML_lane_follow/DataCollected/IMG4/Image_168045796605732.jpg,0.999969482421875
/home/eldar/robocar/Tempfiles/ML_lane_follow/DataCollected/IMG4/Image_1680457966089106.jpg,0.999969482421875
/home/eldar/robocar/Tempfiles/ML_lane_follow/DataCollected/IMG4/Image_1680457966122796.jpg,0.999969482421875
/home/eldar/robocar/Tempfiles/ML_lane_follow/DataCollected/IMG4/Image_1680457966156115.jpg,0.999969482421875
/home/eldar/robocar/Tempfiles/ML_lane_follow/DataCollected/IMG4/Image_168045796619828.jpg,0.999969482421875
/home/eldar/robocar/Tempfiles/ML_lane_follow/DataCollected/IMG4/Image_1680457966229505.jpg,0.999969482421875
/home/eldar/robocar/Tempfiles/ML_lane_follow/DataCollected/IMG4/Image_1680457966260985.jpg,0.999969482421875
/home/eldar/robocar/Tempfiles/ML_lane_follow/DataCollected/IMG4/Image_1680457966293651.jpg,0.999969482421875
/home/eldar/robocar/Tempfiles/ML_lane_follow/DataCollected/IMG4/Image_1680457966328822.jpg,0.999969482421875
/home/eldar/robocar/Tempfiles/ML_lane_follow/DataCollected/IMG4/Image_1680457966360606.jpg,0.999969482421875
/home/eldar/robocar/Tempfiles/ML_lane_follow/DataCollected/IMG4/Image_1680457966395666.jpg,0.0
/home/eldar/robocar/Tempfiles/ML_lane_follow/DataCollected/IMG4/Image_1680457966428612.jpg,0.0
/home/eldar/robocar/Tempfiles/ML_lane_follow/DataCollected/IMG4/Image_1680457966460214.jpg,0.0
/home/eldar/robocar/Tempfiles/ML_lane_follow/DataCollected/IMG4/Image_1680457966492169.jpg,0.0
/home/eldar/robocar/Tempfiles/ML_lane_follow/DataCollected/IMG4/Image_1680457966526012.jpg,0.0
/home/eldar/robocar/Tempfiles/ML_lane_follow/DataCollected/IMG4/Image_1680457966555769.jpg,0.0
/home/eldar/robocar/Tempfiles/ML_lane_follow/DataCollected/IMG4/Image_1680457966588719.jpg,0.0
/home/eldar/robocar/Tempfiles/ML_lane_follow/DataCollected/IMG4/Image_1680457966621893.jpg,0.0
/home/eldar/robocar/Tempfiles/ML_lane_follow/DataCollected/IMG4/Image_1680457966656827.jpg,0.0
/home/eldar/robocar/Tempfiles/ML_lane_follow/DataCollected/IMG4/Image_1680457966690624.jpg,0.0
/home/eldar/robocar/Tempfiles/ML_lane_follow/DataCollected/IMG4/Image_1680457966722079.jpg,0.0
/home/eldar/robocar/Tempfiles/ML_lane_follow/DataCollected/IMG4/Image_1680457966756269.jpg,0.0
/home/eldar/robocar/Tempfiles/ML_lane_follow/DataCollected/IMG4/Image_1680457966788854.jpg,0.0
/home/eldar/robocar/Tempfiles/ML_lane_follow/DataCollected/IMG4/Image_1680457966822436.jpg,0.0
/home/eldar/robocar/Tempfiles/ML_lane_follow/DataCollected/IMG4/Image_1680457966857307.jpg,0.0
/home/eldar/robocar/Tempfiles/ML_lane_follow/DataCollected/IMG4/Image_1680457966888619.jpg,0.0
/home/eldar/robocar/Tempfiles/ML_lane_follow/DataCollected/IMG4/Image_168045796692368.jpg,0.0
/home/eldar/robocar/Tempfiles/ML_lane_follow/DataCollected/IMG4/Image_1680457966955352.jpg,0.0
/home/eldar/robocar/Tempfiles/ML_lane_follow/DataCollected/IMG4/Image_1680457966989372.jpg,0.0
/home/eldar/robocar/Tempfiles/ML_lane_follow/DataCollected/IMG4/Image_1680457967023756.jpg,0.74224853515625
/home/eldar/robocar/Tempfiles/ML_lane_follow/DataCollected/IMG4/Image_1680457967055879.jpg,0.74224853515625
/home/eldar/robocar/Tempfiles/ML_lane_follow/DataCollected/IMG4/Image_1680457967090038.jpg,0.999969482421875
/home/eldar/robocar/Tempfiles/ML_lane_follow/DataCollected/IMG4/Image_1680457967122918.jpg,0.999969482421875
/home/eldar/robocar/Tempfiles/ML_lane_follow/DataCollected/IMG4/Image_1680457967155262.jpg,0.999969482421875
/home/eldar/robocar/Tempfiles/ML_lane_follow/DataCollected/IMG4/Image_1680457967197718.jpg,0.999969482421875
/home/eldar/robocar/Tempfiles/ML_lane_follow/DataCollected/IMG4/Image_1680457967227686.jpg,0.999969482421875
/home/eldar/robocar/Tempfiles/ML_lane_follow/DataCollected/IMG4/Image_1680457967261024.jpg,0.999969482421875
/home/eldar/robocar/Tempfiles/ML_lane_follow/DataCollected/IMG4/Image_1680457967294109.jpg,0.999969482421875
/home/eldar/robocar/Tempfiles/ML_lane_follow/DataCollected/IMG4/Image_1680457967326365.jpg,0.999969482421875
/home/eldar/robocar/Tempfiles/ML_lane_follow/DataCollected/IMG4/Image_1680457967360687.jpg,0.999969482421875
/home/eldar/robocar/Tempfiles/ML_lane_follow/DataCollected/IMG4/Image_168045796739287.jpg,0.999969482421875
/home/eldar/robocar/Tempfiles/ML_lane_follow/DataCollected/IMG4/Image_1680457967426254.jpg,0.999969482421875
/home/eldar/robocar/Tempfiles/ML_lane_follow/DataCollected/IMG4/Image_1680457967460764.jpg,0.999969482421875
/home/eldar/robocar/Tempfiles/ML_lane_follow/DataCollected/IMG4/Image_1680457967490073.jpg,0.999969482421875
/home/eldar/robocar/Tempfiles/ML_lane_follow/DataCollected/IMG4/Image_1680457967523869.jpg,0.999969482421875
/home/eldar/robocar/Tempfiles/ML_lane_follow/DataCollected/IMG4/Image_1680457967555472.jpg,0.999969482421875
/home/eldar/robocar/Tempfiles/ML_lane_follow/DataCollected/IMG4/Image_168045796758853.jpg,0.999969482421875
/home/eldar/robocar/Tempfiles/ML_lane_follow/DataCollected/IMG4/Image_1680457967621403.jpg,0.999969482421875
/home/eldar/robocar/Tempfiles/ML_lane_follow/DataCollected/IMG4/Image_1680457967656255.jpg,0.999969482421875
/home/eldar/robocar/Tempfiles/ML_lane_follow/DataCollected/IMG4/Image_1680457967690249.jpg,0.999969482421875
/home/eldar/robocar/Tempfiles/ML_lane_follow/DataCollected/IMG4/Image_1680457967721747.jpg,0.999969482421875
/home/eldar/robocar/Tempfiles/ML_lane_follow/DataCollected/IMG4/Image_1680457967755119.jpg,0.999969482421875
/home/eldar/robocar/Tempfiles/ML_lane_follow/DataCollected/IMG4/Image_1680457967789639.jpg,0.999969482421875
/home/eldar/robocar/Tempfiles/ML_lane_follow/DataCollected/IMG4/Image_1680457967821301.jpg,0.0
/home/eldar/robocar/Tempfiles/ML_lane_follow/DataCollected/IMG4/Image_1680457967861629.jpg,0.0
/home/eldar/robocar/Tempfiles/ML_lane_follow/DataCollected/IMG4/Image_1680457967889155.jpg,0.0
/home/eldar/robocar/Tempfiles/ML_lane_follow/DataCollected/IMG4/Image_1680457967921491.jpg,0.0
/home/eldar/robocar/Tempfiles/ML_lane_follow/DataCollected/IMG4/Image_1680457967955542.jpg,0.0
/home/eldar/robocar/Tempfiles/ML_lane_follow/DataCollected/IMG4/Image_1680457967989266.jpg,0.0
/home/eldar/robocar/Tempfiles/ML_lane_follow/DataCollected/IMG4/Image_16804579680228.jpg,0.0
/home/eldar/robocar/Tempfiles/ML_lane_follow/DataCollected/IMG4/Image_1680457968056669.jpg,0.0
/home/eldar/robocar/Tempfiles/ML_lane_follow/DataCollected/IMG4/Image_1680457968088051.jpg,0.0
/home/eldar/robocar/Tempfiles/ML_lane_follow/DataCollected/IMG4/Image_1680457968121527.jpg,0.0
/home/eldar/robocar/Tempfiles/ML_lane_follow/DataCollected/IMG4/Image_1680457968154698.jpg,0.0
/home/eldar/robocar/Tempfiles/ML_lane_follow/DataCollected/IMG4/Image_1680457968189705.jpg,0.0
/home/eldar/robocar/Tempfiles/ML_lane_follow/DataCollected/IMG4/Image_1680457968226553.jpg,0.0
/home/eldar/robocar/Tempfiles/ML_lane_follow/DataCollected/IMG4/Image_1680457968260233.jpg,0.0
/home/eldar/robocar/Tempfiles/ML_lane_follow/DataCollected/IMG4/Image_1680457968293424.jpg,0.0
/home/eldar/robocar/Tempfiles/ML_lane_follow/DataCollected/IMG4/Image_1680457968326925.jpg,0.0
/home/eldar/robocar/Tempfiles/ML_lane_follow/DataCollected/IMG4/Image_1680457968360789.jpg,0.0
/home/eldar/robocar/Tempfiles/ML_lane_follow/DataCollected/IMG4/Image_1680457968392033.jpg,0.0
/home/eldar/robocar/Tempfiles/ML_lane_follow/DataCollected/IMG4/Image_1680457968425057.jpg,0.0
/home/eldar/robocar/Tempfiles/ML_lane_follow/DataCollected/IMG4/Image_1680457968459204.jpg,0.0
/home/eldar/robocar/Tempfiles/ML_lane_follow/DataCollected/IMG4/Image_1680457968493236.jpg,0.0
/home/eldar/robocar/Tempfiles/ML_lane_follow/DataCollected/IMG4/Image_168045796852336.jpg,0.0
/home/eldar/robocar/Tempfiles/ML_lane_follow/DataCollected/IMG4/Image_1680457968555314.jpg,0.0
/home/eldar/robocar/Tempfiles/ML_lane_follow/DataCollected/IMG4/Image_1680457968587892.jpg,0.0
/home/eldar/robocar/Tempfiles/ML_lane_follow/DataCollected/IMG4/Image_1680457968621186.jpg,0.0
/home/eldar/robocar/Tempfiles/ML_lane_follow/DataCollected/IMG4/Image_1680457968655778.jpg,0.0
/home/eldar/robocar/Tempfiles/ML_lane_follow/DataCollected/IMG4/Image_1680457968689414.jpg,0.0
/home/eldar/robocar/Tempfiles/ML_lane_follow/DataCollected/IMG4/Image_1680457968720652.jpg,0.0
/home/eldar/robocar/Tempfiles/ML_lane_follow/DataCollected/IMG4/Image_1680457968754388.jpg,0.0
/home/eldar/robocar/Tempfiles/ML_lane_follow/DataCollected/IMG4/Image_1680457968788129.jpg,0.0
/home/eldar/robocar/Tempfiles/ML_lane_follow/DataCollected/IMG4/Image_1680457968821166.jpg,0.0
/home/eldar/robocar/Tempfiles/ML_lane_follow/DataCollected/IMG4/Image_1680457968855957.jpg,0.0
/home/eldar/robocar/Tempfiles/ML_lane_follow/DataCollected/IMG4/Image_1680457968887712.jpg,0.0
/home/eldar/robocar/Tempfiles/ML_lane_follow/DataCollected/IMG4/Image_16804579689218.jpg,0.0
/home/eldar/robocar/Tempfiles/ML_lane_follow/DataCollected/IMG4/Image_1680457968954646.jpg,0.0
/home/eldar/robocar/Tempfiles/ML_lane_follow/DataCollected/IMG4/Image_1680457968988149.jpg,0.0
/home/eldar/robocar/Tempfiles/ML_lane_follow/DataCollected/IMG4/Image_1680457969022168.jpg,0.999969482421875
/home/eldar/robocar/Tempfiles/ML_lane_follow/DataCollected/IMG4/Image_1680457969054396.jpg,0.999969482421875
/home/eldar/robocar/Tempfiles/ML_lane_follow/DataCollected/IMG4/Image_1680457969088125.jpg,0.999969482421875
/home/eldar/robocar/Tempfiles/ML_lane_follow/DataCollected/IMG4/Image_168045796912102.jpg,0.999969482421875
/home/eldar/robocar/Tempfiles/ML_lane_follow/DataCollected/IMG4/Image_1680457969154332.jpg,0.999969482421875
/home/eldar/robocar/Tempfiles/ML_lane_follow/DataCollected/IMG4/Image_1680457969189377.jpg,0.999969482421875
/home/eldar/robocar/Tempfiles/ML_lane_follow/DataCollected/IMG4/Image_1680457969226381.jpg,0.999969482421875
/home/eldar/robocar/Tempfiles/ML_lane_follow/DataCollected/IMG4/Image_1680457969259315.jpg,0.999969482421875
/home/eldar/robocar/Tempfiles/ML_lane_follow/DataCollected/IMG4/Image_1680457969292494.jpg,0.999969482421875
/home/eldar/robocar/Tempfiles/ML_lane_follow/DataCollected/IMG4/Image_1680457969324291.jpg,0.999969482421875
/home/eldar/robocar/Tempfiles/ML_lane_follow/DataCollected/IMG4/Image_1680457969360115.jpg,0.999969482421875
/home/eldar/robocar/Tempfiles/ML_lane_follow/DataCollected/IMG4/Image_1680457969390322.jpg,0.999969482421875
/home/eldar/robocar/Tempfiles/ML_lane_follow/DataCollected/IMG4/Image_1680457969423901.jpg,0.999969482421875
/home/eldar/robocar/Tempfiles/ML_lane_follow/DataCollected/IMG4/Image_1680457969458314.jpg,0.999969482421875
/home/eldar/robocar/Tempfiles/ML_lane_follow/DataCollected/IMG4/Image_1680457969491533.jpg,0.999969482421875
/home/eldar/robocar/Tempfiles/ML_lane_follow/DataCollected/IMG4/Image_1680457969524732.jpg,0.999969482421875
/home/eldar/robocar/Tempfiles/ML_lane_follow/DataCollected/IMG4/Image_1680457969557068.jpg,0.999969482421875
/home/eldar/robocar/Tempfiles/ML_lane_follow/DataCollected/IMG4/Image_1680457969592676.jpg,0.999969482421875
/home/eldar/robocar/Tempfiles/ML_lane_follow/DataCollected/IMG4/Image_1680457969624308.jpg,0.999969482421875
/home/eldar/robocar/Tempfiles/ML_lane_follow/DataCollected/IMG4/Image_1680457969658624.jpg,0.999969482421875
/home/eldar/robocar/Tempfiles/ML_lane_follow/DataCollected/IMG4/Image_1680457969693739.jpg,0.999969482421875
/home/eldar/robocar/Tempfiles/ML_lane_follow/DataCollected/IMG4/Image_1680457969724628.jpg,0.999969482421875
/home/eldar/robocar/Tempfiles/ML_lane_follow/DataCollected/IMG4/Image_1680457969757494.jpg,0.999969482421875
/home/eldar/robocar/Tempfiles/ML_lane_follow/DataCollected/IMG4/Image_1680457969790418.jpg,0.999969482421875
/home/eldar/robocar/Tempfiles/ML_lane_follow/DataCollected/IMG4/Image_1680457969823467.jpg,0.999969482421875
/home/eldar/robocar/Tempfiles/ML_lane_follow/DataCollected/IMG4/Image_1680457969858467.jpg,0.999969482421875
/home/eldar/robocar/Tempfiles/ML_lane_follow/DataCollected/IMG4/Image_1680457969890573.jpg,0.999969482421875
/home/eldar/robocar/Tempfiles/ML_lane_follow/DataCollected/IMG4/Image_1680457969923443.jpg,0.999969482421875
/home/eldar/robocar/Tempfiles/ML_lane_follow/DataCollected/IMG4/Image_1680457969957138.jpg,0.999969482421875
/home/eldar/robocar/Tempfiles/ML_lane_follow/DataCollected/IMG4/Image_1680457969991714.jpg,0.999969482421875
/home/eldar/robocar/Tempfiles/ML_lane_follow/DataCollected/IMG4/Image_1680457970025699.jpg,0.0
/home/eldar/robocar/Tempfiles/ML_lane_follow/DataCollected/IMG4/Image_1680457970058766.jpg,0.0
/home/eldar/robocar/Tempfiles/ML_lane_follow/DataCollected/IMG4/Image_1680457970090831.jpg,0.0
/home/eldar/robocar/Tempfiles/ML_lane_follow/DataCollected/IMG4/Image_1680457970123719.jpg,0.0
/home/eldar/robocar/Tempfiles/ML_lane_follow/DataCollected/IMG4/Image_1680457970158044.jpg,0.0
/home/eldar/robocar/Tempfiles/ML_lane_follow/DataCollected/IMG4/Image_1680457970192349.jpg,0.0
/home/eldar/robocar/Tempfiles/ML_lane_follow/DataCollected/IMG4/Image_1680457970225614.jpg,0.0
/home/eldar/robocar/Tempfiles/ML_lane_follow/DataCollected/IMG4/Image_1680457970258641.jpg,0.0
/home/eldar/robocar/Tempfiles/ML_lane_follow/DataCollected/IMG4/Image_1680457970291439.jpg,0.0
/home/eldar/robocar/Tempfiles/ML_lane_follow/DataCollected/IMG4/Image_168045797032509.jpg,0.0
/home/eldar/robocar/Tempfiles/ML_lane_follow/DataCollected/IMG4/Image_1680457970359933.jpg,0.0
/home/eldar/robocar/Tempfiles/ML_lane_follow/DataCollected/IMG4/Image_1680457970392634.jpg,0.0
/home/eldar/robocar/Tempfiles/ML_lane_follow/DataCollected/IMG4/Image_1680457970425138.jpg,0.0
/home/eldar/robocar/Tempfiles/ML_lane_follow/DataCollected/IMG4/Image_1680457970457869.jpg,0.0
/home/eldar/robocar/Tempfiles/ML_lane_follow/DataCollected/IMG4/Image_1680457970492442.jpg,0.0
/home/eldar/robocar/Tempfiles/ML_lane_follow/DataCollected/IMG4/Image_168045797052209.jpg,0.0
/home/eldar/robocar/Tempfiles/ML_lane_follow/DataCollected/IMG4/Image_1680457970554115.jpg,0.0
/home/eldar/robocar/Tempfiles/ML_lane_follow/DataCollected/IMG4/Image_168045797058745.jpg,0.0
/home/eldar/robocar/Tempfiles/ML_lane_follow/DataCollected/IMG4/Image_1680457970620226.jpg,0.0
/home/eldar/robocar/Tempfiles/ML_lane_follow/DataCollected/IMG4/Image_168045797065486.jpg,0.0
/home/eldar/robocar/Tempfiles/ML_lane_follow/DataCollected/IMG4/Image_1680457970689774.jpg,0.0
/home/eldar/robocar/Tempfiles/ML_lane_follow/DataCollected/IMG4/Image_1680457970720427.jpg,0.0
/home/eldar/robocar/Tempfiles/ML_lane_follow/DataCollected/IMG4/Image_1680457970753073.jpg,0.0
/home/eldar/robocar/Tempfiles/ML_lane_follow/DataCollected/IMG4/Image_1680457970787009.jpg,0.0
/home/eldar/robocar/Tempfiles/ML_lane_follow/DataCollected/IMG4/Image_168045797082054.jpg,0.0
/home/eldar/robocar/Tempfiles/ML_lane_follow/DataCollected/IMG4/Image_1680457970855367.jpg,0.0
/home/eldar/robocar/Tempfiles/ML_lane_follow/DataCollected/IMG4/Image_1680457970886772.jpg,0.0
/home/eldar/robocar/Tempfiles/ML_lane_follow/DataCollected/IMG4/Image_16804579709215.jpg,0.0
/home/eldar/robocar/Tempfiles/ML_lane_follow/DataCollected/IMG4/Image_1680457970953141.jpg,0.0
/home/eldar/robocar/Tempfiles/ML_lane_follow/DataCollected/IMG4/Image_1680457970987842.jpg,0.0
/home/eldar/robocar/Tempfiles/ML_lane_follow/DataCollected/IMG4/Image_168045797102157.jpg,0.0
/home/eldar/robocar/Tempfiles/ML_lane_follow/DataCollected/IMG4/Image_1680457971053679.jpg,0.0
/home/eldar/robocar/Tempfiles/ML_lane_follow/DataCollected/IMG4/Image_1680457971087165.jpg,0.0
/home/eldar/robocar/Tempfiles/ML_lane_follow/DataCollected/IMG4/Image_1680457971122819.jpg,0.0
/home/eldar/robocar/Tempfiles/ML_lane_follow/DataCollected/IMG4/Image_1680457971153237.jpg,0.0
/home/eldar/robocar/Tempfiles/ML_lane_follow/DataCollected/IMG4/Image_1680457971188803.jpg,0.0
/home/eldar/robocar/Tempfiles/ML_lane_follow/DataCollected/IMG4/Image_1680457971230692.jpg,0.0
/home/eldar/robocar/Tempfiles/ML_lane_follow/DataCollected/IMG4/Image_1680457971261265.jpg,0.0
/home/eldar/robocar/Tempfiles/ML_lane_follow/DataCollected/IMG4/Image_1680457971294412.jpg,0.0
/home/eldar/robocar/Tempfiles/ML_lane_follow/DataCollected/IMG4/Image_1680457971327738.jpg,0.999969482421875
/home/eldar/robocar/Tempfiles/ML_lane_follow/DataCollected/IMG4/Image_1680457971358529.jpg,0.999969482421875
/home/eldar/robocar/Tempfiles/ML_lane_follow/DataCollected/IMG4/Image_1680457971389992.jpg,0.999969482421875
/home/eldar/robocar/Tempfiles/ML_lane_follow/DataCollected/IMG4/Image_1680457971423289.jpg,0.999969482421875
/home/eldar/robocar/Tempfiles/ML_lane_follow/DataCollected/IMG4/Image_1680457971456932.jpg,0.999969482421875
/home/eldar/robocar/Tempfiles/ML_lane_follow/DataCollected/IMG4/Image_168045797148942.jpg,0.999969482421875
/home/eldar/robocar/Tempfiles/ML_lane_follow/DataCollected/IMG4/Image_168045797152572.jpg,0.999969482421875
/home/eldar/robocar/Tempfiles/ML_lane_follow/DataCollected/IMG4/Image_1680457971553418.jpg,0.999969482421875
/home/eldar/robocar/Tempfiles/ML_lane_follow/DataCollected/IMG4/Image_1680457971586953.jpg,0.999969482421875
/home/eldar/robocar/Tempfiles/ML_lane_follow/DataCollected/IMG4/Image_1680457971621669.jpg,0.999969482421875
/home/eldar/robocar/Tempfiles/ML_lane_follow/DataCollected/IMG4/Image_1680457971653371.jpg,0.999969482421875
/home/eldar/robocar/Tempfiles/ML_lane_follow/DataCollected/IMG4/Image_1680457971688617.jpg,0.999969482421875
/home/eldar/robocar/Tempfiles/ML_lane_follow/DataCollected/IMG4/Image_168045797171984.jpg,0.999969482421875
/home/eldar/robocar/Tempfiles/ML_lane_follow/DataCollected/IMG4/Image_1680457971753108.jpg,0.999969482421875
/home/eldar/robocar/Tempfiles/ML_lane_follow/DataCollected/IMG4/Image_1680457971786839.jpg,0.999969482421875
/home/eldar/robocar/Tempfiles/ML_lane_follow/DataCollected/IMG4/Image_1680457971819334.jpg,0.999969482421875
/home/eldar/robocar/Tempfiles/ML_lane_follow/DataCollected/IMG4/Image_1680457971855214.jpg,0.999969482421875
/home/eldar/robocar/Tempfiles/ML_lane_follow/DataCollected/IMG4/Image_1680457971887166.jpg,0.999969482421875
/home/eldar/robocar/Tempfiles/ML_lane_follow/DataCollected/IMG4/Image_168045797191962.jpg,0.999969482421875
/home/eldar/robocar/Tempfiles/ML_lane_follow/DataCollected/IMG4/Image_1680457971953002.jpg,0.999969482421875
/home/eldar/robocar/Tempfiles/ML_lane_follow/DataCollected/IMG4/Image_1680457971987412.jpg,0.999969482421875
/home/eldar/robocar/Tempfiles/ML_lane_follow/DataCollected/IMG4/Image_1680457972020635.jpg,0.999969482421875
/home/eldar/robocar/Tempfiles/ML_lane_follow/DataCollected/IMG4/Image_1680457972052989.jpg,0.999969482421875
/home/eldar/robocar/Tempfiles/ML_lane_follow/DataCollected/IMG4/Image_168045797208628.jpg,0.999969482421875
/home/eldar/robocar/Tempfiles/ML_lane_follow/DataCollected/IMG4/Image_1680457972119561.jpg,0.999969482421875
/home/eldar/robocar/Tempfiles/ML_lane_follow/DataCollected/IMG4/Image_1680457972152691.jpg,0.999969482421875
/home/eldar/robocar/Tempfiles/ML_lane_follow/DataCollected/IMG4/Image_1680457972188043.jpg,0.999969482421875
/home/eldar/robocar/Tempfiles/ML_lane_follow/DataCollected/IMG4/Image_1680457972222406.jpg,0.999969482421875
/home/eldar/robocar/Tempfiles/ML_lane_follow/DataCollected/IMG4/Image_1680457972259502.jpg,0.0
/home/eldar/robocar/Tempfiles/ML_lane_follow/DataCollected/IMG4/Image_1680457972292512.jpg,0.0
/home/eldar/robocar/Tempfiles/ML_lane_follow/DataCollected/IMG4/Image_1680457972322819.jpg,0.0
/home/eldar/robocar/Tempfiles/ML_lane_follow/DataCollected/IMG4/Image_1680457972354278.jpg,0.0
/home/eldar/robocar/Tempfiles/ML_lane_follow/DataCollected/IMG4/Image_1680457972387367.jpg,0.0
/home/eldar/robocar/Tempfiles/ML_lane_follow/DataCollected/IMG4/Image_1680457972419734.jpg,0.0
/home/eldar/robocar/Tempfiles/ML_lane_follow/DataCollected/IMG4/Image_1680457972453111.jpg,0.0
/home/eldar/robocar/Tempfiles/ML_lane_follow/DataCollected/IMG4/Image_1680457972488022.jpg,0.0
/home/eldar/robocar/Tempfiles/ML_lane_follow/DataCollected/IMG4/Image_1680457972520935.jpg,0.0
/home/eldar/robocar/Tempfiles/ML_lane_follow/DataCollected/IMG4/Image_1680457972553072.jpg,0.0
/home/eldar/robocar/Tempfiles/ML_lane_follow/DataCollected/IMG4/Image_1680457972585969.jpg,0.0
/home/eldar/robocar/Tempfiles/ML_lane_follow/DataCollected/IMG4/Image_1680457972619265.jpg,0.0
/home/eldar/robocar/Tempfiles/ML_lane_follow/DataCollected/IMG4/Image_1680457972655235.jpg,0.0
/home/eldar/robocar/Tempfiles/ML_lane_follow/DataCollected/IMG4/Image_1680457972688083.jpg,0.999969482421875
/home/eldar/robocar/Tempfiles/ML_lane_follow/DataCollected/IMG4/Image_1680457972719291.jpg,0.999969482421875
/home/eldar/robocar/Tempfiles/ML_lane_follow/DataCollected/IMG4/Image_1680457972753422.jpg,0.999969482421875
/home/eldar/robocar/Tempfiles/ML_lane_follow/DataCollected/IMG4/Image_1680457972786482.jpg,0.999969482421875
/home/eldar/robocar/Tempfiles/ML_lane_follow/DataCollected/IMG4/Image_168045797281947.jpg,0.999969482421875
/home/eldar/robocar/Tempfiles/ML_lane_follow/DataCollected/IMG4/Image_1680457972855711.jpg,0.999969482421875
/home/eldar/robocar/Tempfiles/ML_lane_follow/DataCollected/IMG4/Image_1680457972886025.jpg,0.999969482421875
/home/eldar/robocar/Tempfiles/ML_lane_follow/DataCollected/IMG4/Image_1680457972919903.jpg,0.999969482421875
/home/eldar/robocar/Tempfiles/ML_lane_follow/DataCollected/IMG4/Image_1680457972952762.jpg,0.999969482421875
/home/eldar/robocar/Tempfiles/ML_lane_follow/DataCollected/IMG4/Image_1680457972986689.jpg,0.999969482421875
/home/eldar/robocar/Tempfiles/ML_lane_follow/DataCollected/IMG4/Image_1680457973020684.jpg,0.999969482421875
/home/eldar/robocar/Tempfiles/ML_lane_follow/DataCollected/IMG4/Image_1680457973058065.jpg,0.999969482421875
/home/eldar/robocar/Tempfiles/ML_lane_follow/DataCollected/IMG4/Image_1680457973091216.jpg,0.999969482421875
/home/eldar/robocar/Tempfiles/ML_lane_follow/DataCollected/IMG4/Image_168045797312432.jpg,0.999969482421875
/home/eldar/robocar/Tempfiles/ML_lane_follow/DataCollected/IMG4/Image_168045797315715.jpg,0.999969482421875
/home/eldar/robocar/Tempfiles/ML_lane_follow/DataCollected/IMG4/Image_1680457973193729.jpg,0.999969482421875
/home/eldar/robocar/Tempfiles/ML_lane_follow/DataCollected/IMG4/Image_168045797322361.jpg,0.999969482421875
/home/eldar/robocar/Tempfiles/ML_lane_follow/DataCollected/IMG4/Image_168045797325686.jpg,0.999969482421875
/home/eldar/robocar/Tempfiles/ML_lane_follow/DataCollected/IMG4/Image_1680457973290423.jpg,0.999969482421875
/home/eldar/robocar/Tempfiles/ML_lane_follow/DataCollected/IMG4/Image_1680457973324068.jpg,0.0
/home/eldar/robocar/Tempfiles/ML_lane_follow/DataCollected/IMG4/Image_1680457973358803.jpg,0.0
/home/eldar/robocar/Tempfiles/ML_lane_follow/DataCollected/IMG4/Image_1680457973389456.jpg,0.0
/home/eldar/robocar/Tempfiles/ML_lane_follow/DataCollected/IMG4/Image_1680457973422034.jpg,0.0
/home/eldar/robocar/Tempfiles/ML_lane_follow/DataCollected/IMG4/Image_1680457973458999.jpg,0.0
/home/eldar/robocar/Tempfiles/ML_lane_follow/DataCollected/IMG4/Image_1680457973485872.jpg,0.0
/home/eldar/robocar/Tempfiles/ML_lane_follow/DataCollected/IMG4/Image_1680457973520609.jpg,0.0
/home/eldar/robocar/Tempfiles/ML_lane_follow/DataCollected/IMG4/Image_1680457973551763.jpg,0.0
/home/eldar/robocar/Tempfiles/ML_lane_follow/DataCollected/IMG4/Image_1680457973585339.jpg,0.0
/home/eldar/robocar/Tempfiles/ML_lane_follow/DataCollected/IMG4/Image_1680457973619094.jpg,0.0
/home/eldar/robocar/Tempfiles/ML_lane_follow/DataCollected/IMG4/Image_168045797365257.jpg,0.0
/home/eldar/robocar/Tempfiles/ML_lane_follow/DataCollected/IMG4/Image_1680457973687069.jpg,0.0
/home/eldar/robocar/Tempfiles/ML_lane_follow/DataCollected/IMG4/Image_1680457973718536.jpg,0.0
/home/eldar/robocar/Tempfiles/ML_lane_follow/DataCollected/IMG4/Image_1680457973752052.jpg,0.0
/home/eldar/robocar/Tempfiles/ML_lane_follow/DataCollected/IMG4/Image_1680457973785735.jpg,0.0
/home/eldar/robocar/Tempfiles/ML_lane_follow/DataCollected/IMG4/Image_1680457973818464.jpg,0.0
/home/eldar/robocar/Tempfiles/ML_lane_follow/DataCollected/IMG4/Image_1680457973853427.jpg,0.0
/home/eldar/robocar/Tempfiles/ML_lane_follow/DataCollected/IMG4/Image_1680457973885423.jpg,0.0
/home/eldar/robocar/Tempfiles/ML_lane_follow/DataCollected/IMG4/Image_1680457973918283.jpg,0.0
/home/eldar/robocar/Tempfiles/ML_lane_follow/DataCollected/IMG4/Image_1680457973952942.jpg,0.0
/home/eldar/robocar/Tempfiles/ML_lane_follow/DataCollected/IMG4/Image_1680457973986509.jpg,0.0
/home/eldar/robocar/Tempfiles/ML_lane_follow/DataCollected/IMG4/Image_1680457974020185.jpg,0.0
/home/eldar/robocar/Tempfiles/ML_lane_follow/DataCollected/IMG4/Image_168045797405335.jpg,0.0
/home/eldar/robocar/Tempfiles/ML_lane_follow/DataCollected/IMG4/Image_1680457974084884.jpg,0.360809326171875
/home/eldar/robocar/Tempfiles/ML_lane_follow/DataCollected/IMG4/Image_1680457974118964.jpg,0.360809326171875
/home/eldar/robocar/Tempfiles/ML_lane_follow/DataCollected/IMG4/Image_1680457974157541.jpg,0.999969482421875
/home/eldar/robocar/Tempfiles/ML_lane_follow/DataCollected/IMG4/Image_1680457974192153.jpg,0.999969482421875
/home/eldar/robocar/Tempfiles/ML_lane_follow/DataCollected/IMG4/Image_1680457974225384.jpg,0.999969482421875
/home/eldar/robocar/Tempfiles/ML_lane_follow/DataCollected/IMG4/Image_1680457974256526.jpg,0.999969482421875
/home/eldar/robocar/Tempfiles/ML_lane_follow/DataCollected/IMG4/Image_1680457974289483.jpg,0.999969482421875
/home/eldar/robocar/Tempfiles/ML_lane_follow/DataCollected/IMG4/Image_1680457974322984.jpg,0.999969482421875
/home/eldar/robocar/Tempfiles/ML_lane_follow/DataCollected/IMG4/Image_1680457974357707.jpg,0.999969482421875
/home/eldar/robocar/Tempfiles/ML_lane_follow/DataCollected/IMG4/Image_1680457974391591.jpg,0.999969482421875
/home/eldar/robocar/Tempfiles/ML_lane_follow/DataCollected/IMG4/Image_1680457974423396.jpg,0.999969482421875
/home/eldar/robocar/Tempfiles/ML_lane_follow/DataCollected/IMG4/Image_168045797445195.jpg,0.999969482421875
/home/eldar/robocar/Tempfiles/ML_lane_follow/DataCollected/IMG4/Image_1680457974486292.jpg,0.999969482421875
/home/eldar/robocar/Tempfiles/ML_lane_follow/DataCollected/IMG4/Image_1680457974520084.jpg,0.999969482421875
/home/eldar/robocar/Tempfiles/ML_lane_follow/DataCollected/IMG4/Image_1680457974551794.jpg,0.999969482421875
/home/eldar/robocar/Tempfiles/ML_lane_follow/DataCollected/IMG4/Image_168045797458447.jpg,0.999969482421875
/home/eldar/robocar/Tempfiles/ML_lane_follow/DataCollected/IMG4/Image_1680457974618087.jpg,0.999969482421875
/home/eldar/robocar/Tempfiles/ML_lane_follow/DataCollected/IMG4/Image_1680457974652629.jpg,0.999969482421875
/home/eldar/robocar/Tempfiles/ML_lane_follow/DataCollected/IMG4/Image_1680457974686813.jpg,0.999969482421875
/home/eldar/robocar/Tempfiles/ML_lane_follow/DataCollected/IMG4/Image_1680457974718006.jpg,0.999969482421875
/home/eldar/robocar/Tempfiles/ML_lane_follow/DataCollected/IMG4/Image_1680457974752772.jpg,0.999969482421875
/home/eldar/robocar/Tempfiles/ML_lane_follow/DataCollected/IMG4/Image_1680457974784876.jpg,0.999969482421875
/home/eldar/robocar/Tempfiles/ML_lane_follow/DataCollected/IMG4/Image_1680457974818394.jpg,0.999969482421875
/home/eldar/robocar/Tempfiles/ML_lane_follow/DataCollected/IMG4/Image_168045797485289.jpg,0.0
/home/eldar/robocar/Tempfiles/ML_lane_follow/DataCollected/IMG4/Image_1680457974884781.jpg,0.0
/home/eldar/robocar/Tempfiles/ML_lane_follow/DataCollected/IMG4/Image_1680457974919647.jpg,0.0
/home/eldar/robocar/Tempfiles/ML_lane_follow/DataCollected/IMG4/Image_1680457974951273.jpg,0.0
/home/eldar/robocar/Tempfiles/ML_lane_follow/DataCollected/IMG4/Image_1680457974985634.jpg,0.0
/home/eldar/robocar/Tempfiles/ML_lane_follow/DataCollected/IMG4/Image_168045797501932.jpg,0.0
/home/eldar/robocar/Tempfiles/ML_lane_follow/DataCollected/IMG4/Image_1680457975051404.jpg,0.0
/home/eldar/robocar/Tempfiles/ML_lane_follow/DataCollected/IMG4/Image_1680457975084901.jpg,0.0
/home/eldar/robocar/Tempfiles/ML_lane_follow/DataCollected/IMG4/Image_1680457975117795.jpg,0.0
/home/eldar/robocar/Tempfiles/ML_lane_follow/DataCollected/IMG4/Image_1680457975156219.jpg,0.0
/home/eldar/robocar/Tempfiles/ML_lane_follow/DataCollected/IMG4/Image_1680457975191777.jpg,0.0
/home/eldar/robocar/Tempfiles/ML_lane_follow/DataCollected/IMG4/Image_1680457975223811.jpg,0.0
/home/eldar/robocar/Tempfiles/ML_lane_follow/DataCollected/IMG4/Image_1680457975254482.jpg,0.0
/home/eldar/robocar/Tempfiles/ML_lane_follow/DataCollected/IMG4/Image_1680457975288319.jpg,0.917510986328125
/home/eldar/robocar/Tempfiles/ML_lane_follow/DataCollected/IMG4/Image_1680457975322076.jpg,0.999969482421875
/home/eldar/robocar/Tempfiles/ML_lane_follow/DataCollected/IMG4/Image_1680457975357401.jpg,0.999969482421875
/home/eldar/robocar/Tempfiles/ML_lane_follow/DataCollected/IMG4/Image_1680457975389186.jpg,0.999969482421875
/home/eldar/robocar/Tempfiles/ML_lane_follow/DataCollected/IMG4/Image_1680457975422567.jpg,0.999969482421875
/home/eldar/robocar/Tempfiles/ML_lane_follow/DataCollected/IMG4/Image_1680457975451367.jpg,0.0
/home/eldar/robocar/Tempfiles/ML_lane_follow/DataCollected/IMG4/Image_1680457975484723.jpg,0.0
/home/eldar/robocar/Tempfiles/ML_lane_follow/DataCollected/IMG4/Image_1680457975519749.jpg,0.999969482421875
/home/eldar/robocar/Tempfiles/ML_lane_follow/DataCollected/IMG4/Image_1680457975550891.jpg,0.999969482421875
/home/eldar/robocar/Tempfiles/ML_lane_follow/DataCollected/IMG4/Image_1680457975584894.jpg,0.999969482421875
/home/eldar/robocar/Tempfiles/ML_lane_follow/DataCollected/IMG4/Image_1680457975619859.jpg,0.999969482421875
/home/eldar/robocar/Tempfiles/ML_lane_follow/DataCollected/IMG4/Image_1680457975651278.jpg,0.0
/home/eldar/robocar/Tempfiles/ML_lane_follow/DataCollected/IMG4/Image_1680457975686665.jpg,0.494842529296875
/home/eldar/robocar/Tempfiles/ML_lane_follow/DataCollected/IMG4/Image_1680457975718606.jpg,0.999969482421875
/home/eldar/robocar/Tempfiles/ML_lane_follow/DataCollected/IMG4/Image_1680457975751013.jpg,0.999969482421875
/home/eldar/robocar/Tempfiles/ML_lane_follow/DataCollected/IMG4/Image_1680457975784807.jpg,0.999969482421875
/home/eldar/robocar/Tempfiles/ML_lane_follow/DataCollected/IMG4/Image_1680457975817607.jpg,0.999969482421875
/home/eldar/robocar/Tempfiles/ML_lane_follow/DataCollected/IMG4/Image_1680457975853479.jpg,0.0
/home/eldar/robocar/Tempfiles/ML_lane_follow/DataCollected/IMG4/Image_1680457975885705.jpg,0.0
/home/eldar/robocar/Tempfiles/ML_lane_follow/DataCollected/IMG4/Image_1680457975919427.jpg,0.0
/home/eldar/robocar/Tempfiles/ML_lane_follow/DataCollected/IMG4/Image_1680457975950686.jpg,0.0
/home/eldar/robocar/Tempfiles/ML_lane_follow/DataCollected/IMG4/Image_168045797598538.jpg,0.0
/home/eldar/robocar/Tempfiles/ML_lane_follow/DataCollected/IMG4/Image_1680457976021265.jpg,0.0
/home/eldar/robocar/Tempfiles/ML_lane_follow/DataCollected/IMG4/Image_1680457976051368.jpg,0.0
/home/eldar/robocar/Tempfiles/ML_lane_follow/DataCollected/IMG4/Image_1680457976084256.jpg,0.0
/home/eldar/robocar/Tempfiles/ML_lane_follow/DataCollected/IMG4/Image_1680457976119212.jpg,0.0
/home/eldar/robocar/Tempfiles/ML_lane_follow/DataCollected/IMG4/Image_1680457976157278.jpg,0.0
/home/eldar/robocar/Tempfiles/ML_lane_follow/DataCollected/IMG4/Image_1680457976192555.jpg,0.0
/home/eldar/robocar/Tempfiles/ML_lane_follow/DataCollected/IMG4/Image_168045797622434.jpg,0.0
/home/eldar/robocar/Tempfiles/ML_lane_follow/DataCollected/IMG4/Image_168045797625498.jpg,0.0
/home/eldar/robocar/Tempfiles/ML_lane_follow/DataCollected/IMG4/Image_1680457976287719.jpg,0.999969482421875
/home/eldar/robocar/Tempfiles/ML_lane_follow/DataCollected/IMG4/Image_1680457976321654.jpg,0.999969482421875
/home/eldar/robocar/Tempfiles/ML_lane_follow/DataCollected/IMG4/Image_168045797635801.jpg,0.999969482421875
/home/eldar/robocar/Tempfiles/ML_lane_follow/DataCollected/IMG4/Image_1680457976388433.jpg,0.999969482421875
/home/eldar/robocar/Tempfiles/ML_lane_follow/DataCollected/IMG4/Image_1680457976421984.jpg,0.999969482421875
/home/eldar/robocar/Tempfiles/ML_lane_follow/DataCollected/IMG4/Image_1680457976455327.jpg,0.999969482421875
/home/eldar/robocar/Tempfiles/ML_lane_follow/DataCollected/IMG4/Image_1680457976485895.jpg,0.999969482421875
/home/eldar/robocar/Tempfiles/ML_lane_follow/DataCollected/IMG4/Image_1680457976520284.jpg,0.999969482421875
/home/eldar/robocar/Tempfiles/ML_lane_follow/DataCollected/IMG4/Image_1680457976550801.jpg,0.999969482421875
/home/eldar/robocar/Tempfiles/ML_lane_follow/DataCollected/IMG4/Image_1680457976585759.jpg,0.999969482421875
/home/eldar/robocar/Tempfiles/ML_lane_follow/DataCollected/IMG4/Image_1680457976620498.jpg,0.999969482421875
/home/eldar/robocar/Tempfiles/ML_lane_follow/DataCollected/IMG4/Image_1680457976651502.jpg,0.999969482421875
/home/eldar/robocar/Tempfiles/ML_lane_follow/DataCollected/IMG4/Image_1680457976685504.jpg,0.999969482421875
/home/eldar/robocar/Tempfiles/ML_lane_follow/DataCollected/IMG4/Image_168045797671675.jpg,0.0
/home/eldar/robocar/Tempfiles/ML_lane_follow/DataCollected/IMG4/Image_1680457976750272.jpg,0.0
/home/eldar/robocar/Tempfiles/ML_lane_follow/DataCollected/IMG4/Image_1680457976784012.jpg,0.0
/home/eldar/robocar/Tempfiles/ML_lane_follow/DataCollected/IMG4/Image_1680457976817086.jpg,0.0
/home/eldar/robocar/Tempfiles/ML_lane_follow/DataCollected/IMG4/Image_1680457976851685.jpg,0.0
/home/eldar/robocar/Tempfiles/ML_lane_follow/DataCollected/IMG4/Image_1680457976883601.jpg,0.0
/home/eldar/robocar/Tempfiles/ML_lane_follow/DataCollected/IMG4/Image_1680457976917371.jpg,0.0
/home/eldar/robocar/Tempfiles/ML_lane_follow/DataCollected/IMG4/Image_1680457976951302.jpg,0.0
/home/eldar/robocar/Tempfiles/ML_lane_follow/DataCollected/IMG4/Image_1680457976984565.jpg,0.0
/home/eldar/robocar/Tempfiles/ML_lane_follow/DataCollected/IMG4/Image_1680457977018278.jpg,0.0
/home/eldar/robocar/Tempfiles/ML_lane_follow/DataCollected/IMG4/Image_1680457977050154.jpg,0.0
/home/eldar/robocar/Tempfiles/ML_lane_follow/DataCollected/IMG4/Image_168045797708429.jpg,0.0
/home/eldar/robocar/Tempfiles/ML_lane_follow/DataCollected/IMG4/Image_1680457977117729.jpg,0.0
/home/eldar/robocar/Tempfiles/ML_lane_follow/DataCollected/IMG4/Image_1680457977151023.jpg,0.0
/home/eldar/robocar/Tempfiles/ML_lane_follow/DataCollected/IMG4/Image_1680457977193034.jpg,0.0
/home/eldar/robocar/Tempfiles/ML_lane_follow/DataCollected/IMG4/Image_1680457977222318.jpg,0.0
/home/eldar/robocar/Tempfiles/ML_lane_follow/DataCollected/IMG4/Image_1680457977254486.jpg,0.0
/home/eldar/robocar/Tempfiles/ML_lane_follow/DataCollected/IMG4/Image_1680457977287899.jpg,0.0
/home/eldar/robocar/Tempfiles/ML_lane_follow/DataCollected/IMG4/Image_1680457977322017.jpg,0.0
/home/eldar/robocar/Tempfiles/ML_lane_follow/DataCollected/IMG4/Image_1680457977356676.jpg,0.0
/home/eldar/robocar/Tempfiles/ML_lane_follow/DataCollected/IMG4/Image_1680457977388331.jpg,0.0
/home/eldar/robocar/Tempfiles/ML_lane_follow/DataCollected/IMG4/Image_1680457977420835.jpg,0.0
/home/eldar/robocar/Tempfiles/ML_lane_follow/DataCollected/IMG4/Image_1680457977453886.jpg,0.0
/home/eldar/robocar/Tempfiles/ML_lane_follow/DataCollected/IMG4/Image_1680457977484148.jpg,0.0
/home/eldar/robocar/Tempfiles/ML_lane_follow/DataCollected/IMG4/Image_1680457977518571.jpg,0.0
/home/eldar/robocar/Tempfiles/ML_lane_follow/DataCollected/IMG4/Image_1680457977552852.jpg,0.0
/home/eldar/robocar/Tempfiles/ML_lane_follow/DataCollected/IMG4/Image_1680457977583482.jpg,0.0
/home/eldar/robocar/Tempfiles/ML_lane_follow/DataCollected/IMG4/Image_1680457977617155.jpg,0.0
/home/eldar/robocar/Tempfiles/ML_lane_follow/DataCollected/IMG4/Image_168045797765259.jpg,0.0
/home/eldar/robocar/Tempfiles/ML_lane_follow/DataCollected/IMG4/Image_16804579776859.jpg,0.0
/home/eldar/robocar/Tempfiles/ML_lane_follow/DataCollected/IMG4/Image_1680457977716541.jpg,0.999969482421875
/home/eldar/robocar/Tempfiles/ML_lane_follow/DataCollected/IMG4/Image_1680457977751566.jpg,0.999969482421875
/home/eldar/robocar/Tempfiles/ML_lane_follow/DataCollected/IMG4/Image_1680457977783874.jpg,0.999969482421875
/home/eldar/robocar/Tempfiles/ML_lane_follow/DataCollected/IMG4/Image_1680457977816738.jpg,0.999969482421875
/home/eldar/robocar/Tempfiles/ML_lane_follow/DataCollected/IMG4/Image_1680457977853102.jpg,0.999969482421875
/home/eldar/robocar/Tempfiles/ML_lane_follow/DataCollected/IMG4/Image_1680457977882839.jpg,0.999969482421875
/home/eldar/robocar/Tempfiles/ML_lane_follow/DataCollected/IMG4/Image_1680457977916458.jpg,0.999969482421875
/home/eldar/robocar/Tempfiles/ML_lane_follow/DataCollected/IMG4/Image_1680457977950385.jpg,0.999969482421875
/home/eldar/robocar/Tempfiles/ML_lane_follow/DataCollected/IMG4/Image_1680457977984364.jpg,0.999969482421875
/home/eldar/robocar/Tempfiles/ML_lane_follow/DataCollected/IMG4/Image_1680457978018829.jpg,0.999969482421875
/home/eldar/robocar/Tempfiles/ML_lane_follow/DataCollected/IMG4/Image_1680457978051346.jpg,0.999969482421875
/home/eldar/robocar/Tempfiles/ML_lane_follow/DataCollected/IMG4/Image_1680457978083052.jpg,0.999969482421875
/home/eldar/robocar/Tempfiles/ML_lane_follow/DataCollected/IMG4/Image_1680457978117358.jpg,0.999969482421875
/home/eldar/robocar/Tempfiles/ML_lane_follow/DataCollected/IMG4/Image_1680457978150077.jpg,0.999969482421875
/home/eldar/robocar/Tempfiles/ML_lane_follow/DataCollected/IMG4/Image_1680457978192253.jpg,0.999969482421875
/home/eldar/robocar/Tempfiles/ML_lane_follow/DataCollected/IMG4/Image_1680457978223242.jpg,0.999969482421875
/home/eldar/robocar/Tempfiles/ML_lane_follow/DataCollected/IMG4/Image_1680457978256529.jpg,0.999969482421875
/home/eldar/robocar/Tempfiles/ML_lane_follow/DataCollected/IMG4/Image_1680457978286023.jpg,0.999969482421875
/home/eldar/robocar/Tempfiles/ML_lane_follow/DataCollected/IMG4/Image_1680457978320554.jpg,0.999969482421875
/home/eldar/robocar/Tempfiles/ML_lane_follow/DataCollected/IMG4/Image_1680457978354889.jpg,0.999969482421875
/home/eldar/robocar/Tempfiles/ML_lane_follow/DataCollected/IMG4/Image_1680457978388075.jpg,0.999969482421875
/home/eldar/robocar/Tempfiles/ML_lane_follow/DataCollected/IMG4/Image_1680457978420817.jpg,0.0
/home/eldar/robocar/Tempfiles/ML_lane_follow/DataCollected/IMG4/Image_1680457978453596.jpg,0.0
/home/eldar/robocar/Tempfiles/ML_lane_follow/DataCollected/IMG4/Image_1680457978484023.jpg,0.0
/home/eldar/robocar/Tempfiles/ML_lane_follow/DataCollected/IMG4/Image_1680457978520091.jpg,0.0
/home/eldar/robocar/Tempfiles/ML_lane_follow/DataCollected/IMG4/Image_1680457978551189.jpg,0.0
/home/eldar/robocar/Tempfiles/ML_lane_follow/DataCollected/IMG4/Image_1680457978582749.jpg,0.0
/home/eldar/robocar/Tempfiles/ML_lane_follow/DataCollected/IMG4/Image_168045797861655.jpg,0.0
/home/eldar/robocar/Tempfiles/ML_lane_follow/DataCollected/IMG4/Image_1680457978650922.jpg,0.0
/home/eldar/robocar/Tempfiles/ML_lane_follow/DataCollected/IMG4/Image_1680457978685201.jpg,0.0
/home/eldar/robocar/Tempfiles/ML_lane_follow/DataCollected/IMG4/Image_1680457978716963.jpg,0.0
/home/eldar/robocar/Tempfiles/ML_lane_follow/DataCollected/IMG4/Image_1680457978751285.jpg,0.0
/home/eldar/robocar/Tempfiles/ML_lane_follow/DataCollected/IMG4/Image_1680457978782971.jpg,0.0
/home/eldar/robocar/Tempfiles/ML_lane_follow/DataCollected/IMG4/Image_1680457978817151.jpg,0.0
/home/eldar/robocar/Tempfiles/ML_lane_follow/DataCollected/IMG4/Image_1680457978851151.jpg,0.999969482421875
/home/eldar/robocar/Tempfiles/ML_lane_follow/DataCollected/IMG4/Image_1680457978883229.jpg,0.999969482421875
/home/eldar/robocar/Tempfiles/ML_lane_follow/DataCollected/IMG4/Image_1680457978917139.jpg,0.999969482421875
/home/eldar/robocar/Tempfiles/ML_lane_follow/DataCollected/IMG4/Image_1680457978949575.jpg,0.999969482421875
/home/eldar/robocar/Tempfiles/ML_lane_follow/DataCollected/IMG4/Image_16804579789834.jpg,0.999969482421875
/home/eldar/robocar/Tempfiles/ML_lane_follow/DataCollected/IMG4/Image_1680457979018033.jpg,0.999969482421875
/home/eldar/robocar/Tempfiles/ML_lane_follow/DataCollected/IMG4/Image_1680457979052311.jpg,0.999969482421875
/home/eldar/robocar/Tempfiles/ML_lane_follow/DataCollected/IMG4/Image_1680457979086283.jpg,0.999969482421875
/home/eldar/robocar/Tempfiles/ML_lane_follow/DataCollected/IMG4/Image_1680457979116371.jpg,0.0
/home/eldar/robocar/Tempfiles/ML_lane_follow/DataCollected/IMG4/Image_1680457979149374.jpg,0.0
/home/eldar/robocar/Tempfiles/ML_lane_follow/DataCollected/IMG4/Image_1680457979191242.jpg,0.0
/home/eldar/robocar/Tempfiles/ML_lane_follow/DataCollected/IMG4/Image_1680457979222992.jpg,0.0
/home/eldar/robocar/Tempfiles/ML_lane_follow/DataCollected/IMG4/Image_1680457979255829.jpg,0.0
/home/eldar/robocar/Tempfiles/ML_lane_follow/DataCollected/IMG4/Image_1680457979288643.jpg,0.0
/home/eldar/robocar/Tempfiles/ML_lane_follow/DataCollected/IMG4/Image_1680457979321455.jpg,0.0
/home/eldar/robocar/Tempfiles/ML_lane_follow/DataCollected/IMG4/Image_1680457979354744.jpg,0.999969482421875
/home/eldar/robocar/Tempfiles/ML_lane_follow/DataCollected/IMG4/Image_168045797938727.jpg,0.999969482421875
/home/eldar/robocar/Tempfiles/ML_lane_follow/DataCollected/IMG4/Image_1680457979420931.jpg,0.999969482421875
/home/eldar/robocar/Tempfiles/ML_lane_follow/DataCollected/IMG4/Image_168045797945646.jpg,0.999969482421875
/home/eldar/robocar/Tempfiles/ML_lane_follow/DataCollected/IMG4/Image_1680457979483517.jpg,0.999969482421875
/home/eldar/robocar/Tempfiles/ML_lane_follow/DataCollected/IMG4/Image_1680457979518488.jpg,0.999969482421875
/home/eldar/robocar/Tempfiles/ML_lane_follow/DataCollected/IMG4/Image_1680457979550091.jpg,0.999969482421875
/home/eldar/robocar/Tempfiles/ML_lane_follow/DataCollected/IMG4/Image_1680457979583094.jpg,0.999969482421875
/home/eldar/robocar/Tempfiles/ML_lane_follow/DataCollected/IMG4/Image_1680457979617672.jpg,0.999969482421875
/home/eldar/robocar/Tempfiles/ML_lane_follow/DataCollected/IMG4/Image_1680457979649828.jpg,0.999969482421875
/home/eldar/robocar/Tempfiles/ML_lane_follow/DataCollected/IMG4/Image_1680457979685041.jpg,0.999969482421875
/home/eldar/robocar/Tempfiles/ML_lane_follow/DataCollected/IMG4/Image_1680457979716703.jpg,0.999969482421875
/home/eldar/robocar/Tempfiles/ML_lane_follow/DataCollected/IMG4/Image_1680457979749581.jpg,0.999969482421875
/home/eldar/robocar/Tempfiles/ML_lane_follow/DataCollected/IMG4/Image_1680457979782957.jpg,0.999969482421875
/home/eldar/robocar/Tempfiles/ML_lane_follow/DataCollected/IMG4/Image_1680457979816196.jpg,0.999969482421875
/home/eldar/robocar/Tempfiles/ML_lane_follow/DataCollected/IMG4/Image_1680457979850848.jpg,0.999969482421875
/home/eldar/robocar/Tempfiles/ML_lane_follow/DataCollected/IMG4/Image_1680457979883075.jpg,0.999969482421875
/home/eldar/robocar/Tempfiles/ML_lane_follow/DataCollected/IMG4/Image_1680457979916259.jpg,0.999969482421875
/home/eldar/robocar/Tempfiles/ML_lane_follow/DataCollected/IMG4/Image_1680457979949429.jpg,0.999969482421875
/home/eldar/robocar/Tempfiles/ML_lane_follow/DataCollected/IMG4/Image_1680457979983608.jpg,0.999969482421875
/home/eldar/robocar/Tempfiles/ML_lane_follow/DataCollected/IMG4/Image_1680457980017934.jpg,0.999969482421875
/home/eldar/robocar/Tempfiles/ML_lane_follow/DataCollected/IMG4/Image_1680457980049554.jpg,0.999969482421875
/home/eldar/robocar/Tempfiles/ML_lane_follow/DataCollected/IMG4/Image_1680457980082555.jpg,0.999969482421875
/home/eldar/robocar/Tempfiles/ML_lane_follow/DataCollected/IMG4/Image_1680457980116261.jpg,0.999969482421875
/home/eldar/robocar/Tempfiles/ML_lane_follow/DataCollected/IMG4/Image_1680457980148941.jpg,0.999969482421875
/home/eldar/robocar/Tempfiles/ML_lane_follow/DataCollected/IMG4/Image_1680457980190488.jpg,0.999969482421875
/home/eldar/robocar/Tempfiles/ML_lane_follow/DataCollected/IMG4/Image_1680457980221842.jpg,0.999969482421875
/home/eldar/robocar/Tempfiles/ML_lane_follow/DataCollected/IMG4/Image_1680457980255552.jpg,0.999969482421875
/home/eldar/robocar/Tempfiles/ML_lane_follow/DataCollected/IMG4/Image_1680457980286723.jpg,0.999969482421875
/home/eldar/robocar/Tempfiles/ML_lane_follow/DataCollected/IMG4/Image_1680457980321812.jpg,0.999969482421875
/home/eldar/robocar/Tempfiles/ML_lane_follow/DataCollected/IMG4/Image_1680457980354876.jpg,0.999969482421875
/home/eldar/robocar/Tempfiles/ML_lane_follow/DataCollected/IMG4/Image_1680457980390505.jpg,0.999969482421875
/home/eldar/robocar/Tempfiles/ML_lane_follow/DataCollected/IMG4/Image_1680457980421088.jpg,0.0
/home/eldar/robocar/Tempfiles/ML_lane_follow/DataCollected/IMG4/Image_1680457980454611.jpg,0.0
/home/eldar/robocar/Tempfiles/ML_lane_follow/DataCollected/IMG4/Image_1680457980483975.jpg,0.0
/home/eldar/robocar/Tempfiles/ML_lane_follow/DataCollected/IMG4/Image_1680457980517677.jpg,0.0
/home/eldar/robocar/Tempfiles/ML_lane_follow/DataCollected/IMG4/Image_1680457980549179.jpg,0.0
/home/eldar/robocar/Tempfiles/ML_lane_follow/DataCollected/IMG4/Image_1680457980582588.jpg,0.0
/home/eldar/robocar/Tempfiles/ML_lane_follow/DataCollected/IMG4/Image_168045798061613.jpg,0.999969482421875
/home/eldar/robocar/Tempfiles/ML_lane_follow/DataCollected/IMG4/Image_1680457980649815.jpg,0.999969482421875
/home/eldar/robocar/Tempfiles/ML_lane_follow/DataCollected/IMG4/Image_1680457980684095.jpg,0.999969482421875
/home/eldar/robocar/Tempfiles/ML_lane_follow/DataCollected/IMG4/Image_1680457980718557.jpg,0.999969482421875
/home/eldar/robocar/Tempfiles/ML_lane_follow/DataCollected/IMG4/Image_1680457980749149.jpg,0.999969482421875
/home/eldar/robocar/Tempfiles/ML_lane_follow/DataCollected/IMG4/Image_1680457980782367.jpg,0.999969482421875
/home/eldar/robocar/Tempfiles/ML_lane_follow/DataCollected/IMG4/Image_1680457980816602.jpg,0.999969482421875
/home/eldar/robocar/Tempfiles/ML_lane_follow/DataCollected/IMG4/Image_1680457980850601.jpg,0.999969482421875
/home/eldar/robocar/Tempfiles/ML_lane_follow/DataCollected/IMG4/Image_168045798088175.jpg,0.999969482421875
/home/eldar/robocar/Tempfiles/ML_lane_follow/DataCollected/IMG4/Image_1680457980917166.jpg,0.999969482421875
/home/eldar/robocar/Tempfiles/ML_lane_follow/DataCollected/IMG4/Image_1680457980949105.jpg,0.999969482421875
/home/eldar/robocar/Tempfiles/ML_lane_follow/DataCollected/IMG4/Image_1680457980982629.jpg,0.999969482421875
/home/eldar/robocar/Tempfiles/ML_lane_follow/DataCollected/IMG4/Image_1680457981020468.jpg,0.0
/home/eldar/robocar/Tempfiles/ML_lane_follow/DataCollected/IMG4/Image_1680457981050018.jpg,0.0
/home/eldar/robocar/Tempfiles/ML_lane_follow/DataCollected/IMG4/Image_1680457981082317.jpg,0.0
/home/eldar/robocar/Tempfiles/ML_lane_follow/DataCollected/IMG4/Image_1680457981115534.jpg,0.0
/home/eldar/robocar/Tempfiles/ML_lane_follow/DataCollected/IMG4/Image_1680457981148593.jpg,0.0
/home/eldar/robocar/Tempfiles/ML_lane_follow/DataCollected/IMG4/Image_1680457981196087.jpg,0.0
/home/eldar/robocar/Tempfiles/ML_lane_follow/DataCollected/IMG4/Image_168045798123384.jpg,0.0
/home/eldar/robocar/Tempfiles/ML_lane_follow/DataCollected/IMG4/Image_1680457981272127.jpg,0.0
/home/eldar/robocar/Tempfiles/ML_lane_follow/DataCollected/IMG4/Image_1680457981292708.jpg,0.0
/home/eldar/robocar/Tempfiles/ML_lane_follow/DataCollected/IMG4/Image_1680457981325861.jpg,0.0
/home/eldar/robocar/Tempfiles/ML_lane_follow/DataCollected/IMG4/Image_16804579813524.jpg,0.0
/home/eldar/robocar/Tempfiles/ML_lane_follow/DataCollected/IMG4/Image_1680457981386316.jpg,0.0
/home/eldar/robocar/Tempfiles/ML_lane_follow/DataCollected/IMG4/Image_168045798141639.jpg,0.0
/home/eldar/robocar/Tempfiles/ML_lane_follow/DataCollected/IMG4/Image_1680457981449677.jpg,0.0
/home/eldar/robocar/Tempfiles/ML_lane_follow/DataCollected/IMG4/Image_1680457981483663.jpg,0.0
/home/eldar/robocar/Tempfiles/ML_lane_follow/DataCollected/IMG4/Image_1680457981516859.jpg,0.0
/home/eldar/robocar/Tempfiles/ML_lane_follow/DataCollected/IMG4/Image_1680457981548583.jpg,0.0
/home/eldar/robocar/Tempfiles/ML_lane_follow/DataCollected/IMG4/Image_168045798158154.jpg,0.0
/home/eldar/robocar/Tempfiles/ML_lane_follow/DataCollected/IMG4/Image_1680457981615701.jpg,0.999969482421875
/home/eldar/robocar/Tempfiles/ML_lane_follow/DataCollected/IMG4/Image_1680457981649769.jpg,0.999969482421875
/home/eldar/robocar/Tempfiles/ML_lane_follow/DataCollected/IMG4/Image_1680457981683474.jpg,0.999969482421875
/home/eldar/robocar/Tempfiles/ML_lane_follow/DataCollected/IMG4/Image_168045798171488.jpg,0.999969482421875
/home/eldar/robocar/Tempfiles/ML_lane_follow/DataCollected/IMG4/Image_1680457981748421.jpg,0.999969482421875
/home/eldar/robocar/Tempfiles/ML_lane_follow/DataCollected/IMG4/Image_1680457981781898.jpg,0.999969482421875
/home/eldar/robocar/Tempfiles/ML_lane_follow/DataCollected/IMG4/Image_168045798181537.jpg,0.999969482421875
/home/eldar/robocar/Tempfiles/ML_lane_follow/DataCollected/IMG4/Image_1680457981850301.jpg,0.999969482421875
/home/eldar/robocar/Tempfiles/ML_lane_follow/DataCollected/IMG4/Image_1680457981883289.jpg,0.999969482421875
/home/eldar/robocar/Tempfiles/ML_lane_follow/DataCollected/IMG4/Image_1680457981914916.jpg,0.999969482421875
/home/eldar/robocar/Tempfiles/ML_lane_follow/DataCollected/IMG4/Image_1680457981948736.jpg,0.999969482421875
/home/eldar/robocar/Tempfiles/ML_lane_follow/DataCollected/IMG4/Image_1680457981983382.jpg,0.999969482421875
/home/eldar/robocar/Tempfiles/ML_lane_follow/DataCollected/IMG4/Image_1680457982020545.jpg,0.999969482421875
/home/eldar/robocar/Tempfiles/ML_lane_follow/DataCollected/IMG4/Image_1680457982053718.jpg,0.999969482421875
/home/eldar/robocar/Tempfiles/ML_lane_follow/DataCollected/IMG4/Image_1680457982086503.jpg,0.999969482421875
/home/eldar/robocar/Tempfiles/ML_lane_follow/DataCollected/IMG4/Image_1680457982119431.jpg,0.999969482421875
/home/eldar/robocar/Tempfiles/ML_lane_follow/DataCollected/IMG4/Image_1680457982153143.jpg,0.999969482421875
/home/eldar/robocar/Tempfiles/ML_lane_follow/DataCollected/IMG4/Image_1680457982189454.jpg,0.999969482421875
/home/eldar/robocar/Tempfiles/ML_lane_follow/DataCollected/IMG4/Image_1680457982221203.jpg,0.0
/home/eldar/robocar/Tempfiles/ML_lane_follow/DataCollected/IMG4/Image_1680457982254387.jpg,0.0
/home/eldar/robocar/Tempfiles/ML_lane_follow/DataCollected/IMG4/Image_1680457982289043.jpg,0.0
/home/eldar/robocar/Tempfiles/ML_lane_follow/DataCollected/IMG4/Image_1680457982319614.jpg,0.0
/home/eldar/robocar/Tempfiles/ML_lane_follow/DataCollected/IMG4/Image_1680457982353294.jpg,0.0
/home/eldar/robocar/Tempfiles/ML_lane_follow/DataCollected/IMG4/Image_1680457982386467.jpg,0.0
/home/eldar/robocar/Tempfiles/ML_lane_follow/DataCollected/IMG4/Image_168045798241924.jpg,0.0
/home/eldar/robocar/Tempfiles/ML_lane_follow/DataCollected/IMG4/Image_1680457982456069.jpg,0.0
/home/eldar/robocar/Tempfiles/ML_lane_follow/DataCollected/IMG4/Image_1680457982485083.jpg,0.0
/home/eldar/robocar/Tempfiles/ML_lane_follow/DataCollected/IMG4/Image_1680457982516711.jpg,0.0
/home/eldar/robocar/Tempfiles/ML_lane_follow/DataCollected/IMG4/Image_1680457982549812.jpg,0.0
/home/eldar/robocar/Tempfiles/ML_lane_follow/DataCollected/IMG4/Image_1680457982581199.jpg,0.0
/home/eldar/robocar/Tempfiles/ML_lane_follow/DataCollected/IMG4/Image_1680457982614377.jpg,0.999969482421875
/home/eldar/robocar/Tempfiles/ML_lane_follow/DataCollected/IMG4/Image_1680457982650932.jpg,0.999969482421875
/home/eldar/robocar/Tempfiles/ML_lane_follow/DataCollected/IMG4/Image_1680457982683503.jpg,0.999969482421875
/home/eldar/robocar/Tempfiles/ML_lane_follow/DataCollected/IMG4/Image_1680457982714621.jpg,0.999969482421875
/home/eldar/robocar/Tempfiles/ML_lane_follow/DataCollected/IMG4/Image_1680457982749451.jpg,0.999969482421875
/home/eldar/robocar/Tempfiles/ML_lane_follow/DataCollected/IMG4/Image_1680457982781043.jpg,0.999969482421875
/home/eldar/robocar/Tempfiles/ML_lane_follow/DataCollected/IMG4/Image_168045798281515.jpg,0.999969482421875
/home/eldar/robocar/Tempfiles/ML_lane_follow/DataCollected/IMG4/Image_1680457982849314.jpg,0.999969482421875
/home/eldar/robocar/Tempfiles/ML_lane_follow/DataCollected/IMG4/Image_1680457982881003.jpg,0.999969482421875
/home/eldar/robocar/Tempfiles/ML_lane_follow/DataCollected/IMG4/Image_1680457982915077.jpg,0.999969482421875
/home/eldar/robocar/Tempfiles/ML_lane_follow/DataCollected/IMG4/Image_1680457982947623.jpg,0.999969482421875
/home/eldar/robocar/Tempfiles/ML_lane_follow/DataCollected/IMG4/Image_1680457982981405.jpg,0.999969482421875
/home/eldar/robocar/Tempfiles/ML_lane_follow/DataCollected/IMG4/Image_1680457983016105.jpg,0.999969482421875
/home/eldar/robocar/Tempfiles/ML_lane_follow/DataCollected/IMG4/Image_1680457983047871.jpg,0.999969482421875
/home/eldar/robocar/Tempfiles/ML_lane_follow/DataCollected/IMG4/Image_1680457983080955.jpg,0.999969482421875
/home/eldar/robocar/Tempfiles/ML_lane_follow/DataCollected/IMG4/Image_1680457983114105.jpg,0.999969482421875
/home/eldar/robocar/Tempfiles/ML_lane_follow/DataCollected/IMG4/Image_1680457983147383.jpg,0.999969482421875
/home/eldar/robocar/Tempfiles/ML_lane_follow/DataCollected/IMG4/Image_1680457983182395.jpg,0.999969482421875
/home/eldar/robocar/Tempfiles/ML_lane_follow/DataCollected/IMG4/Image_1680457983220842.jpg,0.999969482421875
/home/eldar/robocar/Tempfiles/ML_lane_follow/DataCollected/IMG4/Image_1680457983253458.jpg,0.999969482421875
/home/eldar/robocar/Tempfiles/ML_lane_follow/DataCollected/IMG4/Image_168045798328747.jpg,0.999969482421875
/home/eldar/robocar/Tempfiles/ML_lane_follow/DataCollected/IMG4/Image_1680457983320307.jpg,0.999969482421875
/home/eldar/robocar/Tempfiles/ML_lane_follow/DataCollected/IMG4/Image_1680457983353738.jpg,0.999969482421875
/home/eldar/robocar/Tempfiles/ML_lane_follow/DataCollected/IMG4/Image_1680457983386398.jpg,0.999969482421875
/home/eldar/robocar/Tempfiles/ML_lane_follow/DataCollected/IMG4/Image_1680457983419489.jpg,0.0
/home/eldar/robocar/Tempfiles/ML_lane_follow/DataCollected/IMG4/Image_1680457983456197.jpg,0.0
/home/eldar/robocar/Tempfiles/ML_lane_follow/DataCollected/IMG4/Image_1680457983487828.jpg,0.0
/home/eldar/robocar/Tempfiles/ML_lane_follow/DataCollected/IMG4/Image_168045798351649.jpg,0.0
/home/eldar/robocar/Tempfiles/ML_lane_follow/DataCollected/IMG4/Image_1680457983547591.jpg,0.0
/home/eldar/robocar/Tempfiles/ML_lane_follow/DataCollected/IMG4/Image_168045798358213.jpg,0.0
/home/eldar/robocar/Tempfiles/ML_lane_follow/DataCollected/IMG4/Image_1680457983615626.jpg,0.0
/home/eldar/robocar/Tempfiles/ML_lane_follow/DataCollected/IMG4/Image_1680457983648249.jpg,0.0
/home/eldar/robocar/Tempfiles/ML_lane_follow/DataCollected/IMG4/Image_1680457983682511.jpg,0.0
/home/eldar/robocar/Tempfiles/ML_lane_follow/DataCollected/IMG4/Image_1680457983714322.jpg,0.999969482421875
/home/eldar/robocar/Tempfiles/ML_lane_follow/DataCollected/IMG4/Image_1680457983747523.jpg,0.999969482421875
/home/eldar/robocar/Tempfiles/ML_lane_follow/DataCollected/IMG4/Image_1680457983780792.jpg,0.999969482421875
/home/eldar/robocar/Tempfiles/ML_lane_follow/DataCollected/IMG4/Image_1680457983813495.jpg,0.999969482421875
/home/eldar/robocar/Tempfiles/ML_lane_follow/DataCollected/IMG4/Image_1680457983849451.jpg,0.999969482421875
/home/eldar/robocar/Tempfiles/ML_lane_follow/DataCollected/IMG4/Image_1680457983880931.jpg,0.999969482421875
/home/eldar/robocar/Tempfiles/ML_lane_follow/DataCollected/IMG4/Image_1680457983913894.jpg,0.999969482421875
/home/eldar/robocar/Tempfiles/ML_lane_follow/DataCollected/IMG4/Image_1680457983947222.jpg,0.999969482421875
/home/eldar/robocar/Tempfiles/ML_lane_follow/DataCollected/IMG4/Image_1680457983983859.jpg,0.999969482421875
/home/eldar/robocar/Tempfiles/ML_lane_follow/DataCollected/IMG4/Image_1680457984015569.jpg,0.999969482421875
/home/eldar/robocar/Tempfiles/ML_lane_follow/DataCollected/IMG4/Image_1680457984047813.jpg,0.999969482421875
/home/eldar/robocar/Tempfiles/ML_lane_follow/DataCollected/IMG4/Image_1680457984081441.jpg,0.999969482421875
/home/eldar/robocar/Tempfiles/ML_lane_follow/DataCollected/IMG4/Image_1680457984117549.jpg,0.999969482421875
/home/eldar/robocar/Tempfiles/ML_lane_follow/DataCollected/IMG4/Image_1680457984150818.jpg,0.999969482421875
/home/eldar/robocar/Tempfiles/ML_lane_follow/DataCollected/IMG4/Image_168045798418361.jpg,0.999969482421875
/home/eldar/robocar/Tempfiles/ML_lane_follow/DataCollected/IMG4/Image_1680457984220834.jpg,0.999969482421875
/home/eldar/robocar/Tempfiles/ML_lane_follow/DataCollected/IMG4/Image_1680457984254723.jpg,0.999969482421875
/home/eldar/robocar/Tempfiles/ML_lane_follow/DataCollected/IMG4/Image_1680457984288368.jpg,0.999969482421875
/home/eldar/robocar/Tempfiles/ML_lane_follow/DataCollected/IMG4/Image_1680457984318983.jpg,0.0
/home/eldar/robocar/Tempfiles/ML_lane_follow/DataCollected/IMG4/Image_1680457984351857.jpg,0.0
/home/eldar/robocar/Tempfiles/ML_lane_follow/DataCollected/IMG4/Image_1680457984383279.jpg,0.0
/home/eldar/robocar/Tempfiles/ML_lane_follow/DataCollected/IMG4/Image_1680457984419362.jpg,0.0
/home/eldar/robocar/Tempfiles/ML_lane_follow/DataCollected/IMG4/Image_1680457984452173.jpg,0.0
/home/eldar/robocar/Tempfiles/ML_lane_follow/DataCollected/IMG4/Image_1680457984485796.jpg,0.0
/home/eldar/robocar/Tempfiles/ML_lane_follow/DataCollected/IMG4/Image_1680457984515756.jpg,0.0
/home/eldar/robocar/Tempfiles/ML_lane_follow/DataCollected/IMG4/Image_1680457984547128.jpg,0.0
/home/eldar/robocar/Tempfiles/ML_lane_follow/DataCollected/IMG4/Image_1680457984580669.jpg,0.0
/home/eldar/robocar/Tempfiles/ML_lane_follow/DataCollected/IMG4/Image_1680457984613593.jpg,0.0
/home/eldar/robocar/Tempfiles/ML_lane_follow/DataCollected/IMG4/Image_1680457984648054.jpg,0.0
/home/eldar/robocar/Tempfiles/ML_lane_follow/DataCollected/IMG4/Image_1680457984681805.jpg,0.0
/home/eldar/robocar/Tempfiles/ML_lane_follow/DataCollected/IMG4/Image_1680457984712954.jpg,0.0
/home/eldar/robocar/Tempfiles/ML_lane_follow/DataCollected/IMG4/Image_1680457984747342.jpg,0.999969482421875
/home/eldar/robocar/Tempfiles/ML_lane_follow/DataCollected/IMG4/Image_1680457984780263.jpg,0.999969482421875
/home/eldar/robocar/Tempfiles/ML_lane_follow/DataCollected/IMG4/Image_1680457984813405.jpg,0.999969482421875
/home/eldar/robocar/Tempfiles/ML_lane_follow/DataCollected/IMG4/Image_1680457984848537.jpg,0.999969482421875
/home/eldar/robocar/Tempfiles/ML_lane_follow/DataCollected/IMG4/Image_1680457984879789.jpg,0.999969482421875
/home/eldar/robocar/Tempfiles/ML_lane_follow/DataCollected/IMG4/Image_1680457984913979.jpg,0.999969482421875
/home/eldar/robocar/Tempfiles/ML_lane_follow/DataCollected/IMG4/Image_1680457984947491.jpg,0.999969482421875
/home/eldar/robocar/Tempfiles/ML_lane_follow/DataCollected/IMG4/Image_1680457984981296.jpg,0.999969482421875
/home/eldar/robocar/Tempfiles/ML_lane_follow/DataCollected/IMG4/Image_1680457985015522.jpg,0.999969482421875
/home/eldar/robocar/Tempfiles/ML_lane_follow/DataCollected/IMG4/Image_1680457985047205.jpg,0.999969482421875
/home/eldar/robocar/Tempfiles/ML_lane_follow/DataCollected/IMG4/Image_1680457985080222.jpg,0.999969482421875
/home/eldar/robocar/Tempfiles/ML_lane_follow/DataCollected/IMG4/Image_1680457985113304.jpg,0.999969482421875
/home/eldar/robocar/Tempfiles/ML_lane_follow/DataCollected/IMG4/Image_16804579851469.jpg,0.999969482421875
/home/eldar/robocar/Tempfiles/ML_lane_follow/DataCollected/IMG4/Image_1680457985182734.jpg,0.999969482421875
/home/eldar/robocar/Tempfiles/ML_lane_follow/DataCollected/IMG4/Image_1680457985222617.jpg,0.999969482421875
/home/eldar/robocar/Tempfiles/ML_lane_follow/DataCollected/IMG4/Image_1680457985252128.jpg,0.0
/home/eldar/robocar/Tempfiles/ML_lane_follow/DataCollected/IMG4/Image_1680457985285578.jpg,0.0
/home/eldar/robocar/Tempfiles/ML_lane_follow/DataCollected/IMG4/Image_1680457985320727.jpg,0.0
/home/eldar/robocar/Tempfiles/ML_lane_follow/DataCollected/IMG4/Image_168045798535462.jpg,0.0
/home/eldar/robocar/Tempfiles/ML_lane_follow/DataCollected/IMG4/Image_1680457985386211.jpg,0.0
/home/eldar/robocar/Tempfiles/ML_lane_follow/DataCollected/IMG4/Image_168045798541834.jpg,0.0
/home/eldar/robocar/Tempfiles/ML_lane_follow/DataCollected/IMG4/Image_1680457985450972.jpg,0.0
/home/eldar/robocar/Tempfiles/ML_lane_follow/DataCollected/IMG4/Image_1680457985484091.jpg,0.0
/home/eldar/robocar/Tempfiles/ML_lane_follow/DataCollected/IMG4/Image_1680457985516154.jpg,0.0
/home/eldar/robocar/Tempfiles/ML_lane_follow/DataCollected/IMG4/Image_1680457985546266.jpg,0.0
/home/eldar/robocar/Tempfiles/ML_lane_follow/DataCollected/IMG4/Image_168045798557978.jpg,0.0
/home/eldar/robocar/Tempfiles/ML_lane_follow/DataCollected/IMG4/Image_1680457985613954.jpg,0.0
/home/eldar/robocar/Tempfiles/ML_lane_follow/DataCollected/IMG4/Image_168045798564755.jpg,0.0
/home/eldar/robocar/Tempfiles/ML_lane_follow/DataCollected/IMG4/Image_1680457985681062.jpg,0.0
/home/eldar/robocar/Tempfiles/ML_lane_follow/DataCollected/IMG4/Image_1680457985714418.jpg,0.0
/home/eldar/robocar/Tempfiles/ML_lane_follow/DataCollected/IMG4/Image_1680457985746251.jpg,0.999969482421875
/home/eldar/robocar/Tempfiles/ML_lane_follow/DataCollected/IMG4/Image_1680457985779666.jpg,0.999969482421875
/home/eldar/robocar/Tempfiles/ML_lane_follow/DataCollected/IMG4/Image_1680457985814603.jpg,0.999969482421875
/home/eldar/robocar/Tempfiles/ML_lane_follow/DataCollected/IMG4/Image_1680457985848034.jpg,0.999969482421875
/home/eldar/robocar/Tempfiles/ML_lane_follow/DataCollected/IMG4/Image_1680457985881132.jpg,0.999969482421875
/home/eldar/robocar/Tempfiles/ML_lane_follow/DataCollected/IMG4/Image_1680457985912447.jpg,0.999969482421875
/home/eldar/robocar/Tempfiles/ML_lane_follow/DataCollected/IMG4/Image_1680457985946376.jpg,0.999969482421875
/home/eldar/robocar/Tempfiles/ML_lane_follow/DataCollected/IMG4/Image_1680457985980505.jpg,0.999969482421875
/home/eldar/robocar/Tempfiles/ML_lane_follow/DataCollected/IMG4/Image_1680457986014824.jpg,0.999969482421875
/home/eldar/robocar/Tempfiles/ML_lane_follow/DataCollected/IMG4/Image_1680457986046682.jpg,0.999969482421875
/home/eldar/robocar/Tempfiles/ML_lane_follow/DataCollected/IMG4/Image_1680457986079118.jpg,0.999969482421875
/home/eldar/robocar/Tempfiles/ML_lane_follow/DataCollected/IMG4/Image_1680457986112759.jpg,0.999969482421875
/home/eldar/robocar/Tempfiles/ML_lane_follow/DataCollected/IMG4/Image_1680457986146342.jpg,0.999969482421875
/home/eldar/robocar/Tempfiles/ML_lane_follow/DataCollected/IMG4/Image_1680457986181045.jpg,0.999969482421875
/home/eldar/robocar/Tempfiles/ML_lane_follow/DataCollected/IMG4/Image_1680457986215784.jpg,0.999969482421875
/home/eldar/robocar/Tempfiles/ML_lane_follow/DataCollected/IMG4/Image_1680457986252982.jpg,0.999969482421875
/home/eldar/robocar/Tempfiles/ML_lane_follow/DataCollected/IMG4/Image_1680457986286128.jpg,0.0
/home/eldar/robocar/Tempfiles/ML_lane_follow/DataCollected/IMG4/Image_1680457986325537.jpg,0.0
/home/eldar/robocar/Tempfiles/ML_lane_follow/DataCollected/IMG4/Image_1680457986352634.jpg,0.0
/home/eldar/robocar/Tempfiles/ML_lane_follow/DataCollected/IMG4/Image_1680457986384788.jpg,0.0
/home/eldar/robocar/Tempfiles/ML_lane_follow/DataCollected/IMG4/Image_1680457986415802.jpg,0.0
/home/eldar/robocar/Tempfiles/ML_lane_follow/DataCollected/IMG4/Image_168045798644617.jpg,0.0
/home/eldar/robocar/Tempfiles/ML_lane_follow/DataCollected/IMG4/Image_1680457986479948.jpg,0.0
/home/eldar/robocar/Tempfiles/ML_lane_follow/DataCollected/IMG4/Image_1680457986515216.jpg,0.0
/home/eldar/robocar/Tempfiles/ML_lane_follow/DataCollected/IMG4/Image_1680457986546223.jpg,0.0
/home/eldar/robocar/Tempfiles/ML_lane_follow/DataCollected/IMG4/Image_1680457986578781.jpg,0.0
/home/eldar/robocar/Tempfiles/ML_lane_follow/DataCollected/IMG4/Image_1680457986612298.jpg,0.0
/home/eldar/robocar/Tempfiles/ML_lane_follow/DataCollected/IMG4/Image_1680457986647151.jpg,0.0
/home/eldar/robocar/Tempfiles/ML_lane_follow/DataCollected/IMG4/Image_1680457986681723.jpg,0.113372802734375
/home/eldar/robocar/Tempfiles/ML_lane_follow/DataCollected/IMG4/Image_1680457986712227.jpg,0.999969482421875
/home/eldar/robocar/Tempfiles/ML_lane_follow/DataCollected/IMG4/Image_1680457986747168.jpg,0.999969482421875
/home/eldar/robocar/Tempfiles/ML_lane_follow/DataCollected/IMG4/Image_1680457986780536.jpg,0.999969482421875
/home/eldar/robocar/Tempfiles/ML_lane_follow/DataCollected/IMG4/Image_1680457986812897.jpg,0.999969482421875
/home/eldar/robocar/Tempfiles/ML_lane_follow/DataCollected/IMG4/Image_1680457986847479.jpg,0.999969482421875
/home/eldar/robocar/Tempfiles/ML_lane_follow/DataCollected/IMG4/Image_1680457986879265.jpg,0.999969482421875
/home/eldar/robocar/Tempfiles/ML_lane_follow/DataCollected/IMG4/Image_1680457986913299.jpg,0.999969482421875
/home/eldar/robocar/Tempfiles/ML_lane_follow/DataCollected/IMG4/Image_1680457986945714.jpg,0.999969482421875
/home/eldar/robocar/Tempfiles/ML_lane_follow/DataCollected/IMG4/Image_1680457986979446.jpg,0.999969482421875
/home/eldar/robocar/Tempfiles/ML_lane_follow/DataCollected/IMG4/Image_168045798701361.jpg,0.999969482421875
/home/eldar/robocar/Tempfiles/ML_lane_follow/DataCollected/IMG4/Image_1680457987046.jpg,0.999969482421875
/home/eldar/robocar/Tempfiles/ML_lane_follow/DataCollected/IMG4/Image_1680457987079573.jpg,0.999969482421875
/home/eldar/robocar/Tempfiles/ML_lane_follow/DataCollected/IMG4/Image_1680457987111739.jpg,0.999969482421875
/home/eldar/robocar/Tempfiles/ML_lane_follow/DataCollected/IMG4/Image_1680457987153561.jpg,0.999969482421875
/home/eldar/robocar/Tempfiles/ML_lane_follow/DataCollected/IMG4/Image_1680457987188544.jpg,0.999969482421875
/home/eldar/robocar/Tempfiles/ML_lane_follow/DataCollected/IMG4/Image_1680457987218904.jpg,0.999969482421875
/home/eldar/robocar/Tempfiles/ML_lane_follow/DataCollected/IMG4/Image_1680457987250591.jpg,0.999969482421875
/home/eldar/robocar/Tempfiles/ML_lane_follow/DataCollected/IMG4/Image_1680457987283249.jpg,0.999969482421875
/home/eldar/robocar/Tempfiles/ML_lane_follow/DataCollected/IMG4/Image_1680457987316665.jpg,0.999969482421875
/home/eldar/robocar/Tempfiles/ML_lane_follow/DataCollected/IMG4/Image_1680457987352614.jpg,0.999969482421875
/home/eldar/robocar/Tempfiles/ML_lane_follow/DataCollected/IMG4/Image_1680457987383512.jpg,0.999969482421875
/home/eldar/robocar/Tempfiles/ML_lane_follow/DataCollected/IMG4/Image_1680457987416681.jpg,0.999969482421875
/home/eldar/robocar/Tempfiles/ML_lane_follow/DataCollected/IMG4/Image_1680457987448628.jpg,0.999969482421875
/home/eldar/robocar/Tempfiles/ML_lane_follow/DataCollected/IMG4/Image_168045798747895.jpg,0.999969482421875
/home/eldar/robocar/Tempfiles/ML_lane_follow/DataCollected/IMG4/Image_1680457987515076.jpg,0.999969482421875
/home/eldar/robocar/Tempfiles/ML_lane_follow/DataCollected/IMG4/Image_1680457987545687.jpg,0.999969482421875
/home/eldar/robocar/Tempfiles/ML_lane_follow/DataCollected/IMG4/Image_1680457987579339.jpg,0.999969482421875
/home/eldar/robocar/Tempfiles/ML_lane_follow/DataCollected/IMG4/Image_1680457987612188.jpg,0.999969482421875
/home/eldar/robocar/Tempfiles/ML_lane_follow/DataCollected/IMG4/Image_1680457987646575.jpg,0.0
/home/eldar/robocar/Tempfiles/ML_lane_follow/DataCollected/IMG4/Image_1680457987680583.jpg,0.0
/home/eldar/robocar/Tempfiles/ML_lane_follow/DataCollected/IMG4/Image_1680457987712489.jpg,0.0
/home/eldar/robocar/Tempfiles/ML_lane_follow/DataCollected/IMG4/Image_1680457987745477.jpg,0.0
/home/eldar/robocar/Tempfiles/ML_lane_follow/DataCollected/IMG4/Image_1680457987779143.jpg,0.0
/home/eldar/robocar/Tempfiles/ML_lane_follow/DataCollected/IMG4/Image_1680457987811419.jpg,0.0
/home/eldar/robocar/Tempfiles/ML_lane_follow/DataCollected/IMG4/Image_1680457987847012.jpg,0.0
/home/eldar/robocar/Tempfiles/ML_lane_follow/DataCollected/IMG4/Image_1680457987881639.jpg,0.0
/home/eldar/robocar/Tempfiles/ML_lane_follow/DataCollected/IMG4/Image_1680457987911886.jpg,0.0
/home/eldar/robocar/Tempfiles/ML_lane_follow/DataCollected/IMG4/Image_168045798794557.jpg,0.0
/home/eldar/robocar/Tempfiles/ML_lane_follow/DataCollected/IMG4/Image_1680457987980162.jpg,0.0
/home/eldar/robocar/Tempfiles/ML_lane_follow/DataCollected/IMG4/Image_1680457988013456.jpg,0.0
/home/eldar/robocar/Tempfiles/ML_lane_follow/DataCollected/IMG4/Image_1680457988045582.jpg,0.0
/home/eldar/robocar/Tempfiles/ML_lane_follow/DataCollected/IMG4/Image_1680457988079191.jpg,0.0
/home/eldar/robocar/Tempfiles/ML_lane_follow/DataCollected/IMG4/Image_168045798811197.jpg,0.0
/home/eldar/robocar/Tempfiles/ML_lane_follow/DataCollected/IMG4/Image_1680457988151607.jpg,0.999969482421875
/home/eldar/robocar/Tempfiles/ML_lane_follow/DataCollected/IMG4/Image_1680457988186318.jpg,0.999969482421875
/home/eldar/robocar/Tempfiles/ML_lane_follow/DataCollected/IMG4/Image_1680457988217625.jpg,0.999969482421875
/home/eldar/robocar/Tempfiles/ML_lane_follow/DataCollected/IMG4/Image_1680457988250652.jpg,0.999969482421875
/home/eldar/robocar/Tempfiles/ML_lane_follow/DataCollected/IMG4/Image_1680457988283972.jpg,0.999969482421875
/home/eldar/robocar/Tempfiles/ML_lane_follow/DataCollected/IMG4/Image_1680457988318986.jpg,0.999969482421875
/home/eldar/robocar/Tempfiles/ML_lane_follow/DataCollected/IMG4/Image_1680457988350838.jpg,0.999969482421875
/home/eldar/robocar/Tempfiles/ML_lane_follow/DataCollected/IMG4/Image_1680457988383342.jpg,0.999969482421875
/home/eldar/robocar/Tempfiles/ML_lane_follow/DataCollected/IMG4/Image_1680457988416336.jpg,0.999969482421875
/home/eldar/robocar/Tempfiles/ML_lane_follow/DataCollected/IMG4/Image_1680457988448811.jpg,0.999969482421875
/home/eldar/robocar/Tempfiles/ML_lane_follow/DataCollected/IMG4/Image_1680457988482589.jpg,0.999969482421875
/home/eldar/robocar/Tempfiles/ML_lane_follow/DataCollected/IMG4/Image_1680457988517099.jpg,0.999969482421875
/home/eldar/robocar/Tempfiles/ML_lane_follow/DataCollected/IMG4/Image_1680457988545284.jpg,0.999969482421875
/home/eldar/robocar/Tempfiles/ML_lane_follow/DataCollected/IMG4/Image_1680457988579258.jpg,0.999969482421875
/home/eldar/robocar/Tempfiles/ML_lane_follow/DataCollected/IMG4/Image_168045798861171.jpg,0.999969482421875
/home/eldar/robocar/Tempfiles/ML_lane_follow/DataCollected/IMG4/Image_1680457988646089.jpg,0.999969482421875
/home/eldar/robocar/Tempfiles/ML_lane_follow/DataCollected/IMG4/Image_1680457988680451.jpg,0.999969482421875
/home/eldar/robocar/Tempfiles/ML_lane_follow/DataCollected/IMG4/Image_1680457988711508.jpg,0.999969482421875
/home/eldar/robocar/Tempfiles/ML_lane_follow/DataCollected/IMG4/Image_1680457988745429.jpg,0.0
/home/eldar/robocar/Tempfiles/ML_lane_follow/DataCollected/IMG4/Image_1680457988779996.jpg,0.0
/home/eldar/robocar/Tempfiles/ML_lane_follow/DataCollected/IMG4/Image_1680457988811755.jpg,0.0
/home/eldar/robocar/Tempfiles/ML_lane_follow/DataCollected/IMG4/Image_1680457988847081.jpg,0.0
/home/eldar/robocar/Tempfiles/ML_lane_follow/DataCollected/IMG4/Image_1680457988879685.jpg,0.0
/home/eldar/robocar/Tempfiles/ML_lane_follow/DataCollected/IMG4/Image_1680457988912094.jpg,0.0
/home/eldar/robocar/Tempfiles/ML_lane_follow/DataCollected/IMG4/Image_1680457988945311.jpg,0.0
/home/eldar/robocar/Tempfiles/ML_lane_follow/DataCollected/IMG4/Image_1680457988980773.jpg,0.0
/home/eldar/robocar/Tempfiles/ML_lane_follow/DataCollected/IMG4/Image_1680457989015098.jpg,0.0
/home/eldar/robocar/Tempfiles/ML_lane_follow/DataCollected/IMG4/Image_1680457989045322.jpg,0.0
/home/eldar/robocar/Tempfiles/ML_lane_follow/DataCollected/IMG4/Image_1680457989078724.jpg,0.0
/home/eldar/robocar/Tempfiles/ML_lane_follow/DataCollected/IMG4/Image_1680457989111871.jpg,0.0
/home/eldar/robocar/Tempfiles/ML_lane_follow/DataCollected/IMG4/Image_1680457989145163.jpg,0.0
/home/eldar/robocar/Tempfiles/ML_lane_follow/DataCollected/IMG4/Image_168045798918083.jpg,0.0
/home/eldar/robocar/Tempfiles/ML_lane_follow/DataCollected/IMG4/Image_1680457989211177.jpg,0.0
/home/eldar/robocar/Tempfiles/ML_lane_follow/DataCollected/IMG4/Image_1680457989250935.jpg,0.0
/home/eldar/robocar/Tempfiles/ML_lane_follow/DataCollected/IMG4/Image_1680457989284361.jpg,0.0
/home/eldar/robocar/Tempfiles/ML_lane_follow/DataCollected/IMG4/Image_1680457989319448.jpg,0.0
/home/eldar/robocar/Tempfiles/ML_lane_follow/DataCollected/IMG4/Image_1680457989352624.jpg,0.0
/home/eldar/robocar/Tempfiles/ML_lane_follow/DataCollected/IMG4/Image_1680457989384728.jpg,0.0
/home/eldar/robocar/Tempfiles/ML_lane_follow/DataCollected/IMG4/Image_1680457989416739.jpg,0.0
/home/eldar/robocar/Tempfiles/ML_lane_follow/DataCollected/IMG4/Image_1680457989446185.jpg,0.0
/home/eldar/robocar/Tempfiles/ML_lane_follow/DataCollected/IMG4/Image_1680457989478627.jpg,0.0
/home/eldar/robocar/Tempfiles/ML_lane_follow/DataCollected/IMG4/Image_168045798951261.jpg,0.0
/home/eldar/robocar/Tempfiles/ML_lane_follow/DataCollected/IMG4/Image_1680457989545349.jpg,0.0
/home/eldar/robocar/Tempfiles/ML_lane_follow/DataCollected/IMG4/Image_1680457989578026.jpg,0.0
/home/eldar/robocar/Tempfiles/ML_lane_follow/DataCollected/IMG4/Image_1680457989611597.jpg,0.0
/home/eldar/robocar/Tempfiles/ML_lane_follow/DataCollected/IMG4/Image_1680457989645679.jpg,0.0
/home/eldar/robocar/Tempfiles/ML_lane_follow/DataCollected/IMG4/Image_1680457989679581.jpg,0.0
/home/eldar/robocar/Tempfiles/ML_lane_follow/DataCollected/IMG4/Image_1680457989711024.jpg,0.0
/home/eldar/robocar/Tempfiles/ML_lane_follow/DataCollected/IMG4/Image_168045798974438.jpg,0.0
/home/eldar/robocar/Tempfiles/ML_lane_follow/DataCollected/IMG4/Image_1680457989778367.jpg,0.0
/home/eldar/robocar/Tempfiles/ML_lane_follow/DataCollected/IMG4/Image_1680457989811764.jpg,0.0
/home/eldar/robocar/Tempfiles/ML_lane_follow/DataCollected/IMG4/Image_168045798984667.jpg,0.0
/home/eldar/robocar/Tempfiles/ML_lane_follow/DataCollected/IMG4/Image_1680457989879532.jpg,0.0
/home/eldar/robocar/Tempfiles/ML_lane_follow/DataCollected/IMG4/Image_1680457989910764.jpg,0.0
/home/eldar/robocar/Tempfiles/ML_lane_follow/DataCollected/IMG4/Image_1680457989944691.jpg,0.0
/home/eldar/robocar/Tempfiles/ML_lane_follow/DataCollected/IMG4/Image_1680457989978906.jpg,0.0
/home/eldar/robocar/Tempfiles/ML_lane_follow/DataCollected/IMG4/Image_1680457990013168.jpg,0.0
/home/eldar/robocar/Tempfiles/ML_lane_follow/DataCollected/IMG4/Image_1680457990044748.jpg,0.0
/home/eldar/robocar/Tempfiles/ML_lane_follow/DataCollected/IMG4/Image_1680457990077422.jpg,0.0
/home/eldar/robocar/Tempfiles/ML_lane_follow/DataCollected/IMG4/Image_1680457990111136.jpg,0.0
/home/eldar/robocar/Tempfiles/ML_lane_follow/DataCollected/IMG4/Image_1680457990151739.jpg,0.0
/home/eldar/robocar/Tempfiles/ML_lane_follow/DataCollected/IMG4/Image_168045799018596.jpg,0.0
/home/eldar/robocar/Tempfiles/ML_lane_follow/DataCollected/IMG4/Image_1680457990218265.jpg,0.0
/home/eldar/robocar/Tempfiles/ML_lane_follow/DataCollected/IMG4/Image_1680457990249985.jpg,0.0
/home/eldar/robocar/Tempfiles/ML_lane_follow/DataCollected/IMG4/Image_1680457990282061.jpg,0.8865966796875
/home/eldar/robocar/Tempfiles/ML_lane_follow/DataCollected/IMG4/Image_1680457990316095.jpg,0.999969482421875
/home/eldar/robocar/Tempfiles/ML_lane_follow/DataCollected/IMG4/Image_1680457990351049.jpg,0.999969482421875
/home/eldar/robocar/Tempfiles/ML_lane_follow/DataCollected/IMG4/Image_1680457990383285.jpg,0.999969482421875
/home/eldar/robocar/Tempfiles/ML_lane_follow/DataCollected/IMG4/Image_1680457990418299.jpg,0.999969482421875
/home/eldar/robocar/Tempfiles/ML_lane_follow/DataCollected/IMG4/Image_1680457990448274.jpg,0.999969482421875
/home/eldar/robocar/Tempfiles/ML_lane_follow/DataCollected/IMG4/Image_1680457990481866.jpg,0.999969482421875
/home/eldar/robocar/Tempfiles/ML_lane_follow/DataCollected/IMG4/Image_1680457990513859.jpg,0.999969482421875
/home/eldar/robocar/Tempfiles/ML_lane_follow/DataCollected/IMG4/Image_1680457990544231.jpg,0.999969482421875
/home/eldar/robocar/Tempfiles/ML_lane_follow/DataCollected/IMG4/Image_1680457990578336.jpg,0.999969482421875
/home/eldar/robocar/Tempfiles/ML_lane_follow/DataCollected/IMG4/Image_1680457990612698.jpg,0.999969482421875
/home/eldar/robocar/Tempfiles/ML_lane_follow/DataCollected/IMG4/Image_1680457990645697.jpg,0.999969482421875
/home/eldar/robocar/Tempfiles/ML_lane_follow/DataCollected/IMG4/Image_1680457990679261.jpg,0.999969482421875
/home/eldar/robocar/Tempfiles/ML_lane_follow/DataCollected/IMG4/Image_1680457990712416.jpg,0.999969482421875
/home/eldar/robocar/Tempfiles/ML_lane_follow/DataCollected/IMG4/Image_1680457990745684.jpg,0.999969482421875
/home/eldar/robocar/Tempfiles/ML_lane_follow/DataCollected/IMG4/Image_1680457990777547.jpg,0.999969482421875
/home/eldar/robocar/Tempfiles/ML_lane_follow/DataCollected/IMG4/Image_168045799081088.jpg,0.999969482421875
/home/eldar/robocar/Tempfiles/ML_lane_follow/DataCollected/IMG4/Image_1680457990845548.jpg,0.999969482421875
/home/eldar/robocar/Tempfiles/ML_lane_follow/DataCollected/IMG4/Image_1680457990878101.jpg,0.999969482421875
/home/eldar/robocar/Tempfiles/ML_lane_follow/DataCollected/IMG4/Image_1680457990910924.jpg,0.999969482421875
/home/eldar/robocar/Tempfiles/ML_lane_follow/DataCollected/IMG4/Image_1680457990943783.jpg,0.999969482421875
/home/eldar/robocar/Tempfiles/ML_lane_follow/DataCollected/IMG4/Image_1680457990978085.jpg,0.999969482421875
/home/eldar/robocar/Tempfiles/ML_lane_follow/DataCollected/IMG4/Image_1680457991012116.jpg,0.0
/home/eldar/robocar/Tempfiles/ML_lane_follow/DataCollected/IMG4/Image_1680457991045003.jpg,0.0
/home/eldar/robocar/Tempfiles/ML_lane_follow/DataCollected/IMG4/Image_1680457991077764.jpg,0.0
/home/eldar/robocar/Tempfiles/ML_lane_follow/DataCollected/IMG4/Image_1680457991110027.jpg,0.0
/home/eldar/robocar/Tempfiles/ML_lane_follow/DataCollected/IMG4/Image_1680457991145726.jpg,0.0
/home/eldar/robocar/Tempfiles/ML_lane_follow/DataCollected/IMG4/Image_1680457991184021.jpg,0.0
/home/eldar/robocar/Tempfiles/ML_lane_follow/DataCollected/IMG4/Image_1680457991216345.jpg,0.0
/home/eldar/robocar/Tempfiles/ML_lane_follow/DataCollected/IMG4/Image_1680457991246526.jpg,0.0
/home/eldar/robocar/Tempfiles/ML_lane_follow/DataCollected/IMG4/Image_1680457991277456.jpg,0.0
/home/eldar/robocar/Tempfiles/ML_lane_follow/DataCollected/IMG4/Image_168045799131088.jpg,0.0
/home/eldar/robocar/Tempfiles/ML_lane_follow/DataCollected/IMG4/Image_1680457991346528.jpg,0.0
/home/eldar/robocar/Tempfiles/ML_lane_follow/DataCollected/IMG4/Image_1680457991387353.jpg,0.0
/home/eldar/robocar/Tempfiles/ML_lane_follow/DataCollected/IMG4/Image_1680457991410595.jpg,0.0
/home/eldar/robocar/Tempfiles/ML_lane_follow/DataCollected/IMG4/Image_1680457991445797.jpg,0.0
/home/eldar/robocar/Tempfiles/ML_lane_follow/DataCollected/IMG4/Image_1680457991477048.jpg,0.0
/home/eldar/robocar/Tempfiles/ML_lane_follow/DataCollected/IMG4/Image_1680457991512229.jpg,0.0
/home/eldar/robocar/Tempfiles/ML_lane_follow/DataCollected/IMG4/Image_1680457991544046.jpg,0.0
/home/eldar/robocar/Tempfiles/ML_lane_follow/DataCollected/IMG4/Image_1680457991577313.jpg,0.0
/home/eldar/robocar/Tempfiles/ML_lane_follow/DataCollected/IMG4/Image_1680457991610584.jpg,0.0
/home/eldar/robocar/Tempfiles/ML_lane_follow/DataCollected/IMG4/Image_1680457991644765.jpg,0.0
/home/eldar/robocar/Tempfiles/ML_lane_follow/DataCollected/IMG4/Image_1680457991678743.jpg,0.0
/home/eldar/robocar/Tempfiles/ML_lane_follow/DataCollected/IMG4/Image_1680457991710606.jpg,0.0
/home/eldar/robocar/Tempfiles/ML_lane_follow/DataCollected/IMG4/Image_1680457991743841.jpg,0.0
/home/eldar/robocar/Tempfiles/ML_lane_follow/DataCollected/IMG4/Image_1680457991776982.jpg,0.0
/home/eldar/robocar/Tempfiles/ML_lane_follow/DataCollected/IMG4/Image_1680457991809646.jpg,0.0
/home/eldar/robocar/Tempfiles/ML_lane_follow/DataCollected/IMG4/Image_1680457991845118.jpg,0.0
/home/eldar/robocar/Tempfiles/ML_lane_follow/DataCollected/IMG4/Image_1680457991877139.jpg,0.0
/home/eldar/robocar/Tempfiles/ML_lane_follow/DataCollected/IMG4/Image_1680457991910298.jpg,0.0
/home/eldar/robocar/Tempfiles/ML_lane_follow/DataCollected/IMG4/Image_1680457991943389.jpg,0.0
/home/eldar/robocar/Tempfiles/ML_lane_follow/DataCollected/IMG4/Image_1680457991984166.jpg,0.0
/home/eldar/robocar/Tempfiles/ML_lane_follow/DataCollected/IMG4/Image_1680457992018356.jpg,0.0
/home/eldar/robocar/Tempfiles/ML_lane_follow/DataCollected/IMG4/Image_1680457992056313.jpg,0.0
/home/eldar/robocar/Tempfiles/ML_lane_follow/DataCollected/IMG4/Image_168045799208203.jpg,0.0
/home/eldar/robocar/Tempfiles/ML_lane_follow/DataCollected/IMG4/Image_1680457992115259.jpg,0.0
/home/eldar/robocar/Tempfiles/ML_lane_follow/DataCollected/IMG4/Image_1680457992148739.jpg,0.0
/home/eldar/robocar/Tempfiles/ML_lane_follow/DataCollected/IMG4/Image_1680457992183166.jpg,0.0
/home/eldar/robocar/Tempfiles/ML_lane_follow/DataCollected/IMG4/Image_1680457992214483.jpg,0.0
/home/eldar/robocar/Tempfiles/ML_lane_follow/DataCollected/IMG4/Image_1680457992250816.jpg,0.0
/home/eldar/robocar/Tempfiles/ML_lane_follow/DataCollected/IMG4/Image_1680457992283106.jpg,0.0
/home/eldar/robocar/Tempfiles/ML_lane_follow/DataCollected/IMG4/Image_1680457992318345.jpg,0.0
/home/eldar/robocar/Tempfiles/ML_lane_follow/DataCollected/IMG4/Image_1680457992352335.jpg,0.0
/home/eldar/robocar/Tempfiles/ML_lane_follow/DataCollected/IMG4/Image_1680457992381969.jpg,0.0
/home/eldar/robocar/Tempfiles/ML_lane_follow/DataCollected/IMG4/Image_1680457992415389.jpg,0.0
/home/eldar/robocar/Tempfiles/ML_lane_follow/DataCollected/IMG4/Image_1680457992448683.jpg,0.0
/home/eldar/robocar/Tempfiles/ML_lane_follow/DataCollected/IMG4/Image_1680457992477102.jpg,0.0
/home/eldar/robocar/Tempfiles/ML_lane_follow/DataCollected/IMG4/Image_16804579925115.jpg,0.0
/home/eldar/robocar/Tempfiles/ML_lane_follow/DataCollected/IMG4/Image_1680457992542879.jpg,0.0
/home/eldar/robocar/Tempfiles/ML_lane_follow/DataCollected/IMG4/Image_1680457992576641.jpg,0.0
/home/eldar/robocar/Tempfiles/ML_lane_follow/DataCollected/IMG4/Image_1680457992610017.jpg,0.0
/home/eldar/robocar/Tempfiles/ML_lane_follow/DataCollected/IMG4/Image_1680457992643835.jpg,0.0
/home/eldar/robocar/Tempfiles/ML_lane_follow/DataCollected/IMG4/Image_1680457992678499.jpg,0.0
/home/eldar/robocar/Tempfiles/ML_lane_follow/DataCollected/IMG4/Image_1680457992709271.jpg,0.0
/home/eldar/robocar/Tempfiles/ML_lane_follow/DataCollected/IMG4/Image_168045799274306.jpg,0.0
/home/eldar/robocar/Tempfiles/ML_lane_follow/DataCollected/IMG4/Image_1680457992776771.jpg,0.0
/home/eldar/robocar/Tempfiles/ML_lane_follow/DataCollected/IMG4/Image_1680457992809876.jpg,0.0
/home/eldar/robocar/Tempfiles/ML_lane_follow/DataCollected/IMG4/Image_1680457992844244.jpg,0.0
/home/eldar/robocar/Tempfiles/ML_lane_follow/DataCollected/IMG4/Image_1680457992876015.jpg,0.0
/home/eldar/robocar/Tempfiles/ML_lane_follow/DataCollected/IMG4/Image_1680457992909908.jpg,0.0
/home/eldar/robocar/Tempfiles/ML_lane_follow/DataCollected/IMG4/Image_1680457992943182.jpg,0.0
/home/eldar/robocar/Tempfiles/ML_lane_follow/DataCollected/IMG4/Image_1680457992977422.jpg,0.0
/home/eldar/robocar/Tempfiles/ML_lane_follow/DataCollected/IMG4/Image_1680457993012822.jpg,0.0
/home/eldar/robocar/Tempfiles/ML_lane_follow/DataCollected/IMG4/Image_1680457993042561.jpg,0.0
/home/eldar/robocar/Tempfiles/ML_lane_follow/DataCollected/IMG4/Image_1680457993076777.jpg,0.0
