/home/eldar/robocar/Tempfiles/ML_lane_follow/DataCollected/IMG10/Image_1680458281762691.jpg,0.0
/home/eldar/robocar/Tempfiles/ML_lane_follow/DataCollected/IMG10/Image_1680458281777378.jpg,0.0
/home/eldar/robocar/Tempfiles/ML_lane_follow/DataCollected/IMG10/Image_1680458281799745.jpg,0.0
/home/eldar/robocar/Tempfiles/ML_lane_follow/DataCollected/IMG10/Image_1680458281813567.jpg,0.0
/home/eldar/robocar/Tempfiles/ML_lane_follow/DataCollected/IMG10/Image_1680458281853753.jpg,0.0
/home/eldar/robocar/Tempfiles/ML_lane_follow/DataCollected/IMG10/Image_168045828186366.jpg,0.0
/home/eldar/robocar/Tempfiles/ML_lane_follow/DataCollected/IMG10/Image_1680458281872525.jpg,0.0
/home/eldar/robocar/Tempfiles/ML_lane_follow/DataCollected/IMG10/Image_1680458281883808.jpg,0.0
/home/eldar/robocar/Tempfiles/ML_lane_follow/DataCollected/IMG10/Image_1680458281903827.jpg,0.0
/home/eldar/robocar/Tempfiles/ML_lane_follow/DataCollected/IMG10/Image_1680458281937426.jpg,0.0
/home/eldar/robocar/Tempfiles/ML_lane_follow/DataCollected/IMG10/Image_1680458281975617.jpg,0.0
/home/eldar/robocar/Tempfiles/ML_lane_follow/DataCollected/IMG10/Image_1680458282009712.jpg,0.0
/home/eldar/robocar/Tempfiles/ML_lane_follow/DataCollected/IMG10/Image_1680458282039187.jpg,0.0
/home/eldar/robocar/Tempfiles/ML_lane_follow/DataCollected/IMG10/Image_1680458282080656.jpg,0.0
/home/eldar/robocar/Tempfiles/ML_lane_follow/DataCollected/IMG10/Image_1680458282105963.jpg,0.0
/home/eldar/robocar/Tempfiles/ML_lane_follow/DataCollected/IMG10/Image_1680458282138735.jpg,0.0
/home/eldar/robocar/Tempfiles/ML_lane_follow/DataCollected/IMG10/Image_1680458282176126.jpg,0.0
/home/eldar/robocar/Tempfiles/ML_lane_follow/DataCollected/IMG10/Image_1680458282205475.jpg,0.0
/home/eldar/robocar/Tempfiles/ML_lane_follow/DataCollected/IMG10/Image_1680458282238811.jpg,0.0
/home/eldar/robocar/Tempfiles/ML_lane_follow/DataCollected/IMG10/Image_1680458282272934.jpg,0.0
/home/eldar/robocar/Tempfiles/ML_lane_follow/DataCollected/IMG10/Image_1680458282305581.jpg,0.0
/home/eldar/robocar/Tempfiles/ML_lane_follow/DataCollected/IMG10/Image_1680458282340769.jpg,0.0
/home/eldar/robocar/Tempfiles/ML_lane_follow/DataCollected/IMG10/Image_1680458282372826.jpg,0.0
/home/eldar/robocar/Tempfiles/ML_lane_follow/DataCollected/IMG10/Image_1680458282404978.jpg,0.0
/home/eldar/robocar/Tempfiles/ML_lane_follow/DataCollected/IMG10/Image_1680458282440843.jpg,0.0
/home/eldar/robocar/Tempfiles/ML_lane_follow/DataCollected/IMG10/Image_1680458282470527.jpg,0.0
/home/eldar/robocar/Tempfiles/ML_lane_follow/DataCollected/IMG10/Image_1680458282502232.jpg,0.0
/home/eldar/robocar/Tempfiles/ML_lane_follow/DataCollected/IMG10/Image_1680458282535857.jpg,0.0
/home/eldar/robocar/Tempfiles/ML_lane_follow/DataCollected/IMG10/Image_1680458282567633.jpg,0.0
/home/eldar/robocar/Tempfiles/ML_lane_follow/DataCollected/IMG10/Image_1680458282601067.jpg,0.0
/home/eldar/robocar/Tempfiles/ML_lane_follow/DataCollected/IMG10/Image_1680458282634059.jpg,0.0
/home/eldar/robocar/Tempfiles/ML_lane_follow/DataCollected/IMG10/Image_1680458282669049.jpg,0.0
/home/eldar/robocar/Tempfiles/ML_lane_follow/DataCollected/IMG10/Image_1680458282700102.jpg,0.0
/home/eldar/robocar/Tempfiles/ML_lane_follow/DataCollected/IMG10/Image_1680458282733801.jpg,0.0
/home/eldar/robocar/Tempfiles/ML_lane_follow/DataCollected/IMG10/Image_1680458282767838.jpg,0.0
/home/eldar/robocar/Tempfiles/ML_lane_follow/DataCollected/IMG10/Image_1680458282801418.jpg,0.0
/home/eldar/robocar/Tempfiles/ML_lane_follow/DataCollected/IMG10/Image_1680458282835401.jpg,0.0
/home/eldar/robocar/Tempfiles/ML_lane_follow/DataCollected/IMG10/Image_1680458282868955.jpg,0.0
/home/eldar/robocar/Tempfiles/ML_lane_follow/DataCollected/IMG10/Image_1680458282900417.jpg,0.0
/home/eldar/robocar/Tempfiles/ML_lane_follow/DataCollected/IMG10/Image_1680458282934054.jpg,0.0
/home/eldar/robocar/Tempfiles/ML_lane_follow/DataCollected/IMG10/Image_1680458282967649.jpg,0.0
/home/eldar/robocar/Tempfiles/ML_lane_follow/DataCollected/IMG10/Image_1680458283002094.jpg,0.0
/home/eldar/robocar/Tempfiles/ML_lane_follow/DataCollected/IMG10/Image_1680458283034097.jpg,0.0
/home/eldar/robocar/Tempfiles/ML_lane_follow/DataCollected/IMG10/Image_1680458283066947.jpg,0.0
/home/eldar/robocar/Tempfiles/ML_lane_follow/DataCollected/IMG10/Image_1680458283100383.jpg,0.0
/home/eldar/robocar/Tempfiles/ML_lane_follow/DataCollected/IMG10/Image_1680458283134844.jpg,0.0
/home/eldar/robocar/Tempfiles/ML_lane_follow/DataCollected/IMG10/Image_1680458283169115.jpg,0.0
/home/eldar/robocar/Tempfiles/ML_lane_follow/DataCollected/IMG10/Image_1680458283206403.jpg,0.0
/home/eldar/robocar/Tempfiles/ML_lane_follow/DataCollected/IMG10/Image_1680458283239286.jpg,0.0
/home/eldar/robocar/Tempfiles/ML_lane_follow/DataCollected/IMG10/Image_1680458283273197.jpg,0.0
/home/eldar/robocar/Tempfiles/ML_lane_follow/DataCollected/IMG10/Image_1680458283304493.jpg,0.0
/home/eldar/robocar/Tempfiles/ML_lane_follow/DataCollected/IMG10/Image_168045828333973.jpg,0.0
/home/eldar/robocar/Tempfiles/ML_lane_follow/DataCollected/IMG10/Image_1680458283372135.jpg,0.0
/home/eldar/robocar/Tempfiles/ML_lane_follow/DataCollected/IMG10/Image_1680458283405048.jpg,0.0
/home/eldar/robocar/Tempfiles/ML_lane_follow/DataCollected/IMG10/Image_1680458283438501.jpg,0.0
/home/eldar/robocar/Tempfiles/ML_lane_follow/DataCollected/IMG10/Image_1680458283472878.jpg,0.0
/home/eldar/robocar/Tempfiles/ML_lane_follow/DataCollected/IMG10/Image_1680458283502807.jpg,0.0
/home/eldar/robocar/Tempfiles/ML_lane_follow/DataCollected/IMG10/Image_1680458283533738.jpg,0.0
/home/eldar/robocar/Tempfiles/ML_lane_follow/DataCollected/IMG10/Image_1680458283568841.jpg,0.0
/home/eldar/robocar/Tempfiles/ML_lane_follow/DataCollected/IMG10/Image_1680458283600116.jpg,0.0
/home/eldar/robocar/Tempfiles/ML_lane_follow/DataCollected/IMG10/Image_1680458283633648.jpg,0.0
/home/eldar/robocar/Tempfiles/ML_lane_follow/DataCollected/IMG10/Image_1680458283669447.jpg,0.0
/home/eldar/robocar/Tempfiles/ML_lane_follow/DataCollected/IMG10/Image_1680458283701749.jpg,0.0
/home/eldar/robocar/Tempfiles/ML_lane_follow/DataCollected/IMG10/Image_1680458283735835.jpg,0.0
/home/eldar/robocar/Tempfiles/ML_lane_follow/DataCollected/IMG10/Image_1680458283768072.jpg,0.0
/home/eldar/robocar/Tempfiles/ML_lane_follow/DataCollected/IMG10/Image_1680458283802063.jpg,0.0
/home/eldar/robocar/Tempfiles/ML_lane_follow/DataCollected/IMG10/Image_1680458283836556.jpg,0.0
/home/eldar/robocar/Tempfiles/ML_lane_follow/DataCollected/IMG10/Image_1680458283868279.jpg,0.0
/home/eldar/robocar/Tempfiles/ML_lane_follow/DataCollected/IMG10/Image_1680458283901491.jpg,0.0
/home/eldar/robocar/Tempfiles/ML_lane_follow/DataCollected/IMG10/Image_1680458283937743.jpg,0.0
/home/eldar/robocar/Tempfiles/ML_lane_follow/DataCollected/IMG10/Image_1680458283970453.jpg,0.0
/home/eldar/robocar/Tempfiles/ML_lane_follow/DataCollected/IMG10/Image_1680458284002567.jpg,0.0
/home/eldar/robocar/Tempfiles/ML_lane_follow/DataCollected/IMG10/Image_1680458284034236.jpg,0.0
/home/eldar/robocar/Tempfiles/ML_lane_follow/DataCollected/IMG10/Image_1680458284068473.jpg,0.0
/home/eldar/robocar/Tempfiles/ML_lane_follow/DataCollected/IMG10/Image_168045828410073.jpg,0.999969482421875
/home/eldar/robocar/Tempfiles/ML_lane_follow/DataCollected/IMG10/Image_1680458284135043.jpg,0.999969482421875
/home/eldar/robocar/Tempfiles/ML_lane_follow/DataCollected/IMG10/Image_1680458284171559.jpg,0.999969482421875
/home/eldar/robocar/Tempfiles/ML_lane_follow/DataCollected/IMG10/Image_1680458284206846.jpg,0.999969482421875
/home/eldar/robocar/Tempfiles/ML_lane_follow/DataCollected/IMG10/Image_1680458284240496.jpg,0.999969482421875
/home/eldar/robocar/Tempfiles/ML_lane_follow/DataCollected/IMG10/Image_1680458284273539.jpg,0.999969482421875
/home/eldar/robocar/Tempfiles/ML_lane_follow/DataCollected/IMG10/Image_1680458284304372.jpg,0.999969482421875
/home/eldar/robocar/Tempfiles/ML_lane_follow/DataCollected/IMG10/Image_1680458284340309.jpg,0.999969482421875
/home/eldar/robocar/Tempfiles/ML_lane_follow/DataCollected/IMG10/Image_1680458284374748.jpg,0.999969482421875
/home/eldar/robocar/Tempfiles/ML_lane_follow/DataCollected/IMG10/Image_1680458284407727.jpg,0.999969482421875
/home/eldar/robocar/Tempfiles/ML_lane_follow/DataCollected/IMG10/Image_1680458284442715.jpg,0.999969482421875
/home/eldar/robocar/Tempfiles/ML_lane_follow/DataCollected/IMG10/Image_1680458284475305.jpg,0.999969482421875
/home/eldar/robocar/Tempfiles/ML_lane_follow/DataCollected/IMG10/Image_1680458284504507.jpg,0.999969482421875
/home/eldar/robocar/Tempfiles/ML_lane_follow/DataCollected/IMG10/Image_1680458284534471.jpg,0.999969482421875
/home/eldar/robocar/Tempfiles/ML_lane_follow/DataCollected/IMG10/Image_1680458284567575.jpg,0.999969482421875
/home/eldar/robocar/Tempfiles/ML_lane_follow/DataCollected/IMG10/Image_1680458284601838.jpg,0.999969482421875
/home/eldar/robocar/Tempfiles/ML_lane_follow/DataCollected/IMG10/Image_1680458284634114.jpg,0.999969482421875
/home/eldar/robocar/Tempfiles/ML_lane_follow/DataCollected/IMG10/Image_1680458284669324.jpg,0.0
/home/eldar/robocar/Tempfiles/ML_lane_follow/DataCollected/IMG10/Image_1680458284701371.jpg,0.0
/home/eldar/robocar/Tempfiles/ML_lane_follow/DataCollected/IMG10/Image_1680458284734568.jpg,0.0
/home/eldar/robocar/Tempfiles/ML_lane_follow/DataCollected/IMG10/Image_1680458284767933.jpg,0.0
/home/eldar/robocar/Tempfiles/ML_lane_follow/DataCollected/IMG10/Image_1680458284802633.jpg,0.0
/home/eldar/robocar/Tempfiles/ML_lane_follow/DataCollected/IMG10/Image_1680458284835279.jpg,0.0
/home/eldar/robocar/Tempfiles/ML_lane_follow/DataCollected/IMG10/Image_1680458284868152.jpg,0.0
/home/eldar/robocar/Tempfiles/ML_lane_follow/DataCollected/IMG10/Image_1680458284901869.jpg,0.0
/home/eldar/robocar/Tempfiles/ML_lane_follow/DataCollected/IMG10/Image_1680458284935423.jpg,0.0
/home/eldar/robocar/Tempfiles/ML_lane_follow/DataCollected/IMG10/Image_1680458284967236.jpg,0.0
/home/eldar/robocar/Tempfiles/ML_lane_follow/DataCollected/IMG10/Image_1680458285003011.jpg,0.0
/home/eldar/robocar/Tempfiles/ML_lane_follow/DataCollected/IMG10/Image_1680458285034546.jpg,0.0
/home/eldar/robocar/Tempfiles/ML_lane_follow/DataCollected/IMG10/Image_1680458285067666.jpg,0.0
/home/eldar/robocar/Tempfiles/ML_lane_follow/DataCollected/IMG10/Image_1680458285101274.jpg,0.0
/home/eldar/robocar/Tempfiles/ML_lane_follow/DataCollected/IMG10/Image_1680458285136396.jpg,0.0
/home/eldar/robocar/Tempfiles/ML_lane_follow/DataCollected/IMG10/Image_1680458285169906.jpg,0.0
/home/eldar/robocar/Tempfiles/ML_lane_follow/DataCollected/IMG10/Image_16804582852101.jpg,0.0
/home/eldar/robocar/Tempfiles/ML_lane_follow/DataCollected/IMG10/Image_168045828524337.jpg,0.0
/home/eldar/robocar/Tempfiles/ML_lane_follow/DataCollected/IMG10/Image_168045828528084.jpg,0.0
/home/eldar/robocar/Tempfiles/ML_lane_follow/DataCollected/IMG10/Image_1680458285307497.jpg,0.0
/home/eldar/robocar/Tempfiles/ML_lane_follow/DataCollected/IMG10/Image_1680458285341048.jpg,0.0
/home/eldar/robocar/Tempfiles/ML_lane_follow/DataCollected/IMG10/Image_1680458285372225.jpg,0.0
/home/eldar/robocar/Tempfiles/ML_lane_follow/DataCollected/IMG10/Image_1680458285408228.jpg,0.0
/home/eldar/robocar/Tempfiles/ML_lane_follow/DataCollected/IMG10/Image_16804582854431.jpg,0.0
/home/eldar/robocar/Tempfiles/ML_lane_follow/DataCollected/IMG10/Image_1680458285475238.jpg,0.0
/home/eldar/robocar/Tempfiles/ML_lane_follow/DataCollected/IMG10/Image_1680458285505962.jpg,0.0
/home/eldar/robocar/Tempfiles/ML_lane_follow/DataCollected/IMG10/Image_1680458285533801.jpg,0.0
/home/eldar/robocar/Tempfiles/ML_lane_follow/DataCollected/IMG10/Image_1680458285567515.jpg,0.0
/home/eldar/robocar/Tempfiles/ML_lane_follow/DataCollected/IMG10/Image_1680458285602432.jpg,0.0
/home/eldar/robocar/Tempfiles/ML_lane_follow/DataCollected/IMG10/Image_1680458285634132.jpg,0.0
/home/eldar/robocar/Tempfiles/ML_lane_follow/DataCollected/IMG10/Image_1680458285668882.jpg,0.0
/home/eldar/robocar/Tempfiles/ML_lane_follow/DataCollected/IMG10/Image_168045828570071.jpg,0.0
/home/eldar/robocar/Tempfiles/ML_lane_follow/DataCollected/IMG10/Image_1680458285733991.jpg,0.0
/home/eldar/robocar/Tempfiles/ML_lane_follow/DataCollected/IMG10/Image_1680458285767411.jpg,0.0
/home/eldar/robocar/Tempfiles/ML_lane_follow/DataCollected/IMG10/Image_1680458285801591.jpg,0.0
/home/eldar/robocar/Tempfiles/ML_lane_follow/DataCollected/IMG10/Image_1680458285835536.jpg,0.0
/home/eldar/robocar/Tempfiles/ML_lane_follow/DataCollected/IMG10/Image_1680458285866622.jpg,0.0
/home/eldar/robocar/Tempfiles/ML_lane_follow/DataCollected/IMG10/Image_1680458285901043.jpg,0.0
/home/eldar/robocar/Tempfiles/ML_lane_follow/DataCollected/IMG10/Image_1680458285933976.jpg,0.999969482421875
/home/eldar/robocar/Tempfiles/ML_lane_follow/DataCollected/IMG10/Image_1680458285967554.jpg,0.999969482421875
/home/eldar/robocar/Tempfiles/ML_lane_follow/DataCollected/IMG10/Image_1680458286003222.jpg,0.999969482421875
/home/eldar/robocar/Tempfiles/ML_lane_follow/DataCollected/IMG10/Image_1680458286033329.jpg,0.999969482421875
/home/eldar/robocar/Tempfiles/ML_lane_follow/DataCollected/IMG10/Image_1680458286067204.jpg,0.999969482421875
/home/eldar/robocar/Tempfiles/ML_lane_follow/DataCollected/IMG10/Image_1680458286100804.jpg,0.999969482421875
/home/eldar/robocar/Tempfiles/ML_lane_follow/DataCollected/IMG10/Image_1680458286134304.jpg,0.999969482421875
/home/eldar/robocar/Tempfiles/ML_lane_follow/DataCollected/IMG10/Image_1680458286168913.jpg,0.999969482421875
/home/eldar/robocar/Tempfiles/ML_lane_follow/DataCollected/IMG10/Image_1680458286213489.jpg,0.999969482421875
/home/eldar/robocar/Tempfiles/ML_lane_follow/DataCollected/IMG10/Image_1680458286241804.jpg,0.999969482421875
/home/eldar/robocar/Tempfiles/ML_lane_follow/DataCollected/IMG10/Image_1680458286275299.jpg,0.999969482421875
/home/eldar/robocar/Tempfiles/ML_lane_follow/DataCollected/IMG10/Image_1680458286305116.jpg,0.999969482421875
/home/eldar/robocar/Tempfiles/ML_lane_follow/DataCollected/IMG10/Image_1680458286335019.jpg,0.999969482421875
/home/eldar/robocar/Tempfiles/ML_lane_follow/DataCollected/IMG10/Image_1680458286366714.jpg,0.999969482421875
/home/eldar/robocar/Tempfiles/ML_lane_follow/DataCollected/IMG10/Image_1680458286400271.jpg,0.999969482421875
/home/eldar/robocar/Tempfiles/ML_lane_follow/DataCollected/IMG10/Image_1680458286436548.jpg,0.999969482421875
/home/eldar/robocar/Tempfiles/ML_lane_follow/DataCollected/IMG10/Image_1680458286467814.jpg,0.999969482421875
/home/eldar/robocar/Tempfiles/ML_lane_follow/DataCollected/IMG10/Image_1680458286502383.jpg,0.999969482421875
/home/eldar/robocar/Tempfiles/ML_lane_follow/DataCollected/IMG10/Image_1680458286533195.jpg,0.999969482421875
/home/eldar/robocar/Tempfiles/ML_lane_follow/DataCollected/IMG10/Image_1680458286566516.jpg,0.999969482421875
/home/eldar/robocar/Tempfiles/ML_lane_follow/DataCollected/IMG10/Image_1680458286600583.jpg,0.999969482421875
/home/eldar/robocar/Tempfiles/ML_lane_follow/DataCollected/IMG10/Image_1680458286633908.jpg,0.999969482421875
/home/eldar/robocar/Tempfiles/ML_lane_follow/DataCollected/IMG10/Image_1680458286668334.jpg,0.999969482421875
/home/eldar/robocar/Tempfiles/ML_lane_follow/DataCollected/IMG10/Image_1680458286700442.jpg,0.999969482421875
/home/eldar/robocar/Tempfiles/ML_lane_follow/DataCollected/IMG10/Image_1680458286732945.jpg,0.999969482421875
/home/eldar/robocar/Tempfiles/ML_lane_follow/DataCollected/IMG10/Image_1680458286766834.jpg,0.999969482421875
/home/eldar/robocar/Tempfiles/ML_lane_follow/DataCollected/IMG10/Image_168045828680106.jpg,0.0
/home/eldar/robocar/Tempfiles/ML_lane_follow/DataCollected/IMG10/Image_168045828683704.jpg,0.0
/home/eldar/robocar/Tempfiles/ML_lane_follow/DataCollected/IMG10/Image_1680458286908742.jpg,0.0
/home/eldar/robocar/Tempfiles/ML_lane_follow/DataCollected/IMG10/Image_1680458286916803.jpg,0.0
/home/eldar/robocar/Tempfiles/ML_lane_follow/DataCollected/IMG10/Image_1680458286933256.jpg,0.0
/home/eldar/robocar/Tempfiles/ML_lane_follow/DataCollected/IMG10/Image_1680458286966841.jpg,0.0
/home/eldar/robocar/Tempfiles/ML_lane_follow/DataCollected/IMG10/Image_1680458287005503.jpg,0.0
/home/eldar/robocar/Tempfiles/ML_lane_follow/DataCollected/IMG10/Image_1680458287042645.jpg,0.999969482421875
/home/eldar/robocar/Tempfiles/ML_lane_follow/DataCollected/IMG10/Image_1680458287074289.jpg,0.999969482421875
/home/eldar/robocar/Tempfiles/ML_lane_follow/DataCollected/IMG10/Image_1680458287106185.jpg,0.999969482421875
/home/eldar/robocar/Tempfiles/ML_lane_follow/DataCollected/IMG10/Image_1680458287139737.jpg,0.999969482421875
/home/eldar/robocar/Tempfiles/ML_lane_follow/DataCollected/IMG10/Image_168045828717325.jpg,0.999969482421875
/home/eldar/robocar/Tempfiles/ML_lane_follow/DataCollected/IMG10/Image_1680458287206471.jpg,0.999969482421875
/home/eldar/robocar/Tempfiles/ML_lane_follow/DataCollected/IMG10/Image_1680458287240958.jpg,0.0
/home/eldar/robocar/Tempfiles/ML_lane_follow/DataCollected/IMG10/Image_1680458287272441.jpg,0.0
/home/eldar/robocar/Tempfiles/ML_lane_follow/DataCollected/IMG10/Image_1680458287306067.jpg,0.0
/home/eldar/robocar/Tempfiles/ML_lane_follow/DataCollected/IMG10/Image_1680458287345264.jpg,0.999969482421875
/home/eldar/robocar/Tempfiles/ML_lane_follow/DataCollected/IMG10/Image_1680458287372966.jpg,0.999969482421875
/home/eldar/robocar/Tempfiles/ML_lane_follow/DataCollected/IMG10/Image_1680458287406356.jpg,0.999969482421875
/home/eldar/robocar/Tempfiles/ML_lane_follow/DataCollected/IMG10/Image_1680458287438658.jpg,0.999969482421875
/home/eldar/robocar/Tempfiles/ML_lane_follow/DataCollected/IMG10/Image_1680458287473078.jpg,0.999969482421875
/home/eldar/robocar/Tempfiles/ML_lane_follow/DataCollected/IMG10/Image_1680458287505181.jpg,0.999969482421875
/home/eldar/robocar/Tempfiles/ML_lane_follow/DataCollected/IMG10/Image_1680458287534164.jpg,0.999969482421875
/home/eldar/robocar/Tempfiles/ML_lane_follow/DataCollected/IMG10/Image_1680458287568299.jpg,0.999969482421875
/home/eldar/robocar/Tempfiles/ML_lane_follow/DataCollected/IMG10/Image_1680458287599763.jpg,0.999969482421875
/home/eldar/robocar/Tempfiles/ML_lane_follow/DataCollected/IMG10/Image_1680458287633143.jpg,0.0
/home/eldar/robocar/Tempfiles/ML_lane_follow/DataCollected/IMG10/Image_1680458287667889.jpg,0.0
/home/eldar/robocar/Tempfiles/ML_lane_follow/DataCollected/IMG10/Image_1680458287700292.jpg,0.999969482421875
/home/eldar/robocar/Tempfiles/ML_lane_follow/DataCollected/IMG10/Image_1680458287733516.jpg,0.999969482421875
/home/eldar/robocar/Tempfiles/ML_lane_follow/DataCollected/IMG10/Image_1680458287765918.jpg,0.999969482421875
/home/eldar/robocar/Tempfiles/ML_lane_follow/DataCollected/IMG10/Image_1680458287800424.jpg,0.999969482421875
/home/eldar/robocar/Tempfiles/ML_lane_follow/DataCollected/IMG10/Image_1680458287834584.jpg,0.999969482421875
/home/eldar/robocar/Tempfiles/ML_lane_follow/DataCollected/IMG10/Image_1680458287866804.jpg,0.0
/home/eldar/robocar/Tempfiles/ML_lane_follow/DataCollected/IMG10/Image_1680458287899939.jpg,0.0
/home/eldar/robocar/Tempfiles/ML_lane_follow/DataCollected/IMG10/Image_1680458287933144.jpg,0.0
/home/eldar/robocar/Tempfiles/ML_lane_follow/DataCollected/IMG10/Image_1680458287966192.jpg,0.0
/home/eldar/robocar/Tempfiles/ML_lane_follow/DataCollected/IMG10/Image_1680458288001575.jpg,0.0
/home/eldar/robocar/Tempfiles/ML_lane_follow/DataCollected/IMG10/Image_1680458288033164.jpg,0.999969482421875
/home/eldar/robocar/Tempfiles/ML_lane_follow/DataCollected/IMG10/Image_1680458288066506.jpg,0.999969482421875
/home/eldar/robocar/Tempfiles/ML_lane_follow/DataCollected/IMG10/Image_1680458288099853.jpg,0.999969482421875
/home/eldar/robocar/Tempfiles/ML_lane_follow/DataCollected/IMG10/Image_1680458288133584.jpg,0.0
/home/eldar/robocar/Tempfiles/ML_lane_follow/DataCollected/IMG10/Image_1680458288168039.jpg,0.0
/home/eldar/robocar/Tempfiles/ML_lane_follow/DataCollected/IMG10/Image_1680458288200361.jpg,0.0
/home/eldar/robocar/Tempfiles/ML_lane_follow/DataCollected/IMG10/Image_1680458288246547.jpg,0.0
/home/eldar/robocar/Tempfiles/ML_lane_follow/DataCollected/IMG10/Image_1680458288278668.jpg,0.0
/home/eldar/robocar/Tempfiles/ML_lane_follow/DataCollected/IMG10/Image_1680458288308189.jpg,0.0
/home/eldar/robocar/Tempfiles/ML_lane_follow/DataCollected/IMG10/Image_1680458288344847.jpg,0.0
/home/eldar/robocar/Tempfiles/ML_lane_follow/DataCollected/IMG10/Image_1680458288373753.jpg,0.0
/home/eldar/robocar/Tempfiles/ML_lane_follow/DataCollected/IMG10/Image_1680458288410945.jpg,0.0
/home/eldar/robocar/Tempfiles/ML_lane_follow/DataCollected/IMG10/Image_1680458288440922.jpg,0.0
/home/eldar/robocar/Tempfiles/ML_lane_follow/DataCollected/IMG10/Image_1680458288473335.jpg,0.0
/home/eldar/robocar/Tempfiles/ML_lane_follow/DataCollected/IMG10/Image_1680458288506764.jpg,0.0
/home/eldar/robocar/Tempfiles/ML_lane_follow/DataCollected/IMG10/Image_1680458288533218.jpg,0.0
/home/eldar/robocar/Tempfiles/ML_lane_follow/DataCollected/IMG10/Image_1680458288566826.jpg,0.0
/home/eldar/robocar/Tempfiles/ML_lane_follow/DataCollected/IMG10/Image_1680458288600602.jpg,0.999969482421875
/home/eldar/robocar/Tempfiles/ML_lane_follow/DataCollected/IMG10/Image_16804582886329.jpg,0.999969482421875
/home/eldar/robocar/Tempfiles/ML_lane_follow/DataCollected/IMG10/Image_1680458288669053.jpg,0.999969482421875
/home/eldar/robocar/Tempfiles/ML_lane_follow/DataCollected/IMG10/Image_1680458288700365.jpg,0.0
/home/eldar/robocar/Tempfiles/ML_lane_follow/DataCollected/IMG10/Image_1680458288733144.jpg,0.0
/home/eldar/robocar/Tempfiles/ML_lane_follow/DataCollected/IMG10/Image_1680458288768063.jpg,0.0
/home/eldar/robocar/Tempfiles/ML_lane_follow/DataCollected/IMG10/Image_1680458288800516.jpg,0.0
/home/eldar/robocar/Tempfiles/ML_lane_follow/DataCollected/IMG10/Image_1680458288835093.jpg,0.0
/home/eldar/robocar/Tempfiles/ML_lane_follow/DataCollected/IMG10/Image_1680458288866357.jpg,0.0
/home/eldar/robocar/Tempfiles/ML_lane_follow/DataCollected/IMG10/Image_1680458288899815.jpg,0.0
/home/eldar/robocar/Tempfiles/ML_lane_follow/DataCollected/IMG10/Image_1680458288932693.jpg,0.0
/home/eldar/robocar/Tempfiles/ML_lane_follow/DataCollected/IMG10/Image_1680458288965556.jpg,0.0
/home/eldar/robocar/Tempfiles/ML_lane_follow/DataCollected/IMG10/Image_1680458289001305.jpg,0.0
/home/eldar/robocar/Tempfiles/ML_lane_follow/DataCollected/IMG10/Image_1680458289034165.jpg,0.0
/home/eldar/robocar/Tempfiles/ML_lane_follow/DataCollected/IMG10/Image_168045828906732.jpg,0.0
/home/eldar/robocar/Tempfiles/ML_lane_follow/DataCollected/IMG10/Image_1680458289100812.jpg,0.0
/home/eldar/robocar/Tempfiles/ML_lane_follow/DataCollected/IMG10/Image_168045828913573.jpg,0.0
/home/eldar/robocar/Tempfiles/ML_lane_follow/DataCollected/IMG10/Image_1680458289168577.jpg,0.0
/home/eldar/robocar/Tempfiles/ML_lane_follow/DataCollected/IMG10/Image_1680458289200239.jpg,0.0
/home/eldar/robocar/Tempfiles/ML_lane_follow/DataCollected/IMG10/Image_168045828924196.jpg,0.0
/home/eldar/robocar/Tempfiles/ML_lane_follow/DataCollected/IMG10/Image_1680458289278158.jpg,0.0
/home/eldar/robocar/Tempfiles/ML_lane_follow/DataCollected/IMG10/Image_1680458289310391.jpg,0.0
/home/eldar/robocar/Tempfiles/ML_lane_follow/DataCollected/IMG10/Image_1680458289344661.jpg,0.999969482421875
/home/eldar/robocar/Tempfiles/ML_lane_follow/DataCollected/IMG10/Image_1680458289374398.jpg,0.999969482421875
/home/eldar/robocar/Tempfiles/ML_lane_follow/DataCollected/IMG10/Image_168045828941094.jpg,0.999969482421875
/home/eldar/robocar/Tempfiles/ML_lane_follow/DataCollected/IMG10/Image_1680458289435388.jpg,0.999969482421875
/home/eldar/robocar/Tempfiles/ML_lane_follow/DataCollected/IMG10/Image_1680458289467864.jpg,0.999969482421875
/home/eldar/robocar/Tempfiles/ML_lane_follow/DataCollected/IMG10/Image_168045828950213.jpg,0.999969482421875
/home/eldar/robocar/Tempfiles/ML_lane_follow/DataCollected/IMG10/Image_1680458289533741.jpg,0.999969482421875
/home/eldar/robocar/Tempfiles/ML_lane_follow/DataCollected/IMG10/Image_1680458289567072.jpg,0.999969482421875
/home/eldar/robocar/Tempfiles/ML_lane_follow/DataCollected/IMG10/Image_168045828960054.jpg,0.0
/home/eldar/robocar/Tempfiles/ML_lane_follow/DataCollected/IMG10/Image_1680458289634013.jpg,0.0
/home/eldar/robocar/Tempfiles/ML_lane_follow/DataCollected/IMG10/Image_1680458289668412.jpg,0.0
/home/eldar/robocar/Tempfiles/ML_lane_follow/DataCollected/IMG10/Image_1680458289700324.jpg,0.0
/home/eldar/robocar/Tempfiles/ML_lane_follow/DataCollected/IMG10/Image_1680458289733996.jpg,0.0
/home/eldar/robocar/Tempfiles/ML_lane_follow/DataCollected/IMG10/Image_1680458289766882.jpg,0.0
/home/eldar/robocar/Tempfiles/ML_lane_follow/DataCollected/IMG10/Image_168045828980121.jpg,0.0
/home/eldar/robocar/Tempfiles/ML_lane_follow/DataCollected/IMG10/Image_1680458289835394.jpg,0.0
/home/eldar/robocar/Tempfiles/ML_lane_follow/DataCollected/IMG10/Image_1680458289866463.jpg,0.0
/home/eldar/robocar/Tempfiles/ML_lane_follow/DataCollected/IMG10/Image_1680458289900452.jpg,0.0
/home/eldar/robocar/Tempfiles/ML_lane_follow/DataCollected/IMG10/Image_1680458289933586.jpg,0.0
/home/eldar/robocar/Tempfiles/ML_lane_follow/DataCollected/IMG10/Image_1680458289966696.jpg,0.0
/home/eldar/robocar/Tempfiles/ML_lane_follow/DataCollected/IMG10/Image_1680458290013235.jpg,0.0
/home/eldar/robocar/Tempfiles/ML_lane_follow/DataCollected/IMG10/Image_1680458290034859.jpg,0.0
/home/eldar/robocar/Tempfiles/ML_lane_follow/DataCollected/IMG10/Image_1680458290066808.jpg,0.0
/home/eldar/robocar/Tempfiles/ML_lane_follow/DataCollected/IMG10/Image_1680458290100557.jpg,0.0
/home/eldar/robocar/Tempfiles/ML_lane_follow/DataCollected/IMG10/Image_1680458290142468.jpg,-0.865997314453125
/home/eldar/robocar/Tempfiles/ML_lane_follow/DataCollected/IMG10/Image_1680458290174009.jpg,-0.865997314453125
/home/eldar/robocar/Tempfiles/ML_lane_follow/DataCollected/IMG10/Image_1680458290210167.jpg,-0.865997314453125
/home/eldar/robocar/Tempfiles/ML_lane_follow/DataCollected/IMG10/Image_1680458290237048.jpg,-1.0
/home/eldar/robocar/Tempfiles/ML_lane_follow/DataCollected/IMG10/Image_1680458290266543.jpg,-1.0
/home/eldar/robocar/Tempfiles/ML_lane_follow/DataCollected/IMG10/Image_1680458290300822.jpg,-1.0
/home/eldar/robocar/Tempfiles/ML_lane_follow/DataCollected/IMG10/Image_1680458290334736.jpg,-1.0
/home/eldar/robocar/Tempfiles/ML_lane_follow/DataCollected/IMG10/Image_1680458290366655.jpg,-1.0
/home/eldar/robocar/Tempfiles/ML_lane_follow/DataCollected/IMG10/Image_1680458290401799.jpg,-1.0
/home/eldar/robocar/Tempfiles/ML_lane_follow/DataCollected/IMG10/Image_168045829043383.jpg,-1.0
/home/eldar/robocar/Tempfiles/ML_lane_follow/DataCollected/IMG10/Image_1680458290467422.jpg,-1.0
/home/eldar/robocar/Tempfiles/ML_lane_follow/DataCollected/IMG10/Image_1680458290503818.jpg,-1.0
/home/eldar/robocar/Tempfiles/ML_lane_follow/DataCollected/IMG10/Image_1680458290533443.jpg,0.0
/home/eldar/robocar/Tempfiles/ML_lane_follow/DataCollected/IMG10/Image_1680458290566435.jpg,0.0
/home/eldar/robocar/Tempfiles/ML_lane_follow/DataCollected/IMG10/Image_1680458290600323.jpg,0.0
/home/eldar/robocar/Tempfiles/ML_lane_follow/DataCollected/IMG10/Image_1680458290633721.jpg,0.0
/home/eldar/robocar/Tempfiles/ML_lane_follow/DataCollected/IMG10/Image_1680458290667848.jpg,0.0
/home/eldar/robocar/Tempfiles/ML_lane_follow/DataCollected/IMG10/Image_1680458290701768.jpg,0.0
/home/eldar/robocar/Tempfiles/ML_lane_follow/DataCollected/IMG10/Image_1680458290733143.jpg,0.0
/home/eldar/robocar/Tempfiles/ML_lane_follow/DataCollected/IMG10/Image_1680458290766547.jpg,0.0
/home/eldar/robocar/Tempfiles/ML_lane_follow/DataCollected/IMG10/Image_1680458290800509.jpg,0.0
/home/eldar/robocar/Tempfiles/ML_lane_follow/DataCollected/IMG10/Image_1680458290834806.jpg,0.0
/home/eldar/robocar/Tempfiles/ML_lane_follow/DataCollected/IMG10/Image_1680458290866447.jpg,0.0
/home/eldar/robocar/Tempfiles/ML_lane_follow/DataCollected/IMG10/Image_1680458290899354.jpg,0.0
/home/eldar/robocar/Tempfiles/ML_lane_follow/DataCollected/IMG10/Image_1680458290936931.jpg,0.0
/home/eldar/robocar/Tempfiles/ML_lane_follow/DataCollected/IMG10/Image_1680458290972727.jpg,0.0
/home/eldar/robocar/Tempfiles/ML_lane_follow/DataCollected/IMG10/Image_168045829100877.jpg,0.0
/home/eldar/robocar/Tempfiles/ML_lane_follow/DataCollected/IMG10/Image_1680458291037219.jpg,0.0
/home/eldar/robocar/Tempfiles/ML_lane_follow/DataCollected/IMG10/Image_1680458291065873.jpg,0.0
/home/eldar/robocar/Tempfiles/ML_lane_follow/DataCollected/IMG10/Image_1680458291099157.jpg,0.0
/home/eldar/robocar/Tempfiles/ML_lane_follow/DataCollected/IMG10/Image_1680458291134376.jpg,0.0
/home/eldar/robocar/Tempfiles/ML_lane_follow/DataCollected/IMG10/Image_1680458291167572.jpg,0.0
/home/eldar/robocar/Tempfiles/ML_lane_follow/DataCollected/IMG10/Image_1680458291199297.jpg,0.0
/home/eldar/robocar/Tempfiles/ML_lane_follow/DataCollected/IMG10/Image_1680458291232698.jpg,0.0
/home/eldar/robocar/Tempfiles/ML_lane_follow/DataCollected/IMG10/Image_1680458291265921.jpg,0.0
/home/eldar/robocar/Tempfiles/ML_lane_follow/DataCollected/IMG10/Image_1680458291299943.jpg,0.0
/home/eldar/robocar/Tempfiles/ML_lane_follow/DataCollected/IMG10/Image_1680458291334747.jpg,-1.0
/home/eldar/robocar/Tempfiles/ML_lane_follow/DataCollected/IMG10/Image_1680458291366435.jpg,-1.0
/home/eldar/robocar/Tempfiles/ML_lane_follow/DataCollected/IMG10/Image_1680458291399223.jpg,-1.0
/home/eldar/robocar/Tempfiles/ML_lane_follow/DataCollected/IMG10/Image_1680458291433556.jpg,-1.0
/home/eldar/robocar/Tempfiles/ML_lane_follow/DataCollected/IMG10/Image_1680458291467151.jpg,-1.0
/home/eldar/robocar/Tempfiles/ML_lane_follow/DataCollected/IMG10/Image_1680458291501527.jpg,-1.0
/home/eldar/robocar/Tempfiles/ML_lane_follow/DataCollected/IMG10/Image_1680458291533333.jpg,-1.0
/home/eldar/robocar/Tempfiles/ML_lane_follow/DataCollected/IMG10/Image_1680458291567587.jpg,-1.0
/home/eldar/robocar/Tempfiles/ML_lane_follow/DataCollected/IMG10/Image_168045829159901.jpg,-1.0
/home/eldar/robocar/Tempfiles/ML_lane_follow/DataCollected/IMG10/Image_1680458291632787.jpg,-1.0
/home/eldar/robocar/Tempfiles/ML_lane_follow/DataCollected/IMG10/Image_1680458291668145.jpg,-1.0
/home/eldar/robocar/Tempfiles/ML_lane_follow/DataCollected/IMG10/Image_1680458291699477.jpg,-1.0
/home/eldar/robocar/Tempfiles/ML_lane_follow/DataCollected/IMG10/Image_1680458291734977.jpg,-1.0
/home/eldar/robocar/Tempfiles/ML_lane_follow/DataCollected/IMG10/Image_1680458291775614.jpg,-1.0
/home/eldar/robocar/Tempfiles/ML_lane_follow/DataCollected/IMG10/Image_1680458291810969.jpg,0.0
/home/eldar/robocar/Tempfiles/ML_lane_follow/DataCollected/IMG10/Image_1680458291840237.jpg,0.0
/home/eldar/robocar/Tempfiles/ML_lane_follow/DataCollected/IMG10/Image_1680458291866251.jpg,0.0
/home/eldar/robocar/Tempfiles/ML_lane_follow/DataCollected/IMG10/Image_1680458291899211.jpg,0.0
/home/eldar/robocar/Tempfiles/ML_lane_follow/DataCollected/IMG10/Image_1680458291934463.jpg,0.0
/home/eldar/robocar/Tempfiles/ML_lane_follow/DataCollected/IMG10/Image_1680458291965606.jpg,0.0
/home/eldar/robocar/Tempfiles/ML_lane_follow/DataCollected/IMG10/Image_1680458292001622.jpg,0.0
/home/eldar/robocar/Tempfiles/ML_lane_follow/DataCollected/IMG10/Image_1680458292039105.jpg,0.0
/home/eldar/robocar/Tempfiles/ML_lane_follow/DataCollected/IMG10/Image_1680458292065773.jpg,0.0
/home/eldar/robocar/Tempfiles/ML_lane_follow/DataCollected/IMG10/Image_168045829209947.jpg,0.0
/home/eldar/robocar/Tempfiles/ML_lane_follow/DataCollected/IMG10/Image_1680458292133066.jpg,0.0
/home/eldar/robocar/Tempfiles/ML_lane_follow/DataCollected/IMG10/Image_1680458292167306.jpg,0.0
/home/eldar/robocar/Tempfiles/ML_lane_follow/DataCollected/IMG10/Image_1680458292198962.jpg,0.0
/home/eldar/robocar/Tempfiles/ML_lane_follow/DataCollected/IMG10/Image_168045829223261.jpg,0.0
/home/eldar/robocar/Tempfiles/ML_lane_follow/DataCollected/IMG10/Image_1680458292267092.jpg,0.0
/home/eldar/robocar/Tempfiles/ML_lane_follow/DataCollected/IMG10/Image_1680458292298683.jpg,0.0
/home/eldar/robocar/Tempfiles/ML_lane_follow/DataCollected/IMG10/Image_1680458292334941.jpg,0.0
/home/eldar/robocar/Tempfiles/ML_lane_follow/DataCollected/IMG10/Image_1680458292366271.jpg,0.0
/home/eldar/robocar/Tempfiles/ML_lane_follow/DataCollected/IMG10/Image_1680458292408756.jpg,0.0
/home/eldar/robocar/Tempfiles/ML_lane_follow/DataCollected/IMG10/Image_1680458292434623.jpg,0.0
/home/eldar/robocar/Tempfiles/ML_lane_follow/DataCollected/IMG10/Image_1680458292466875.jpg,0.0
/home/eldar/robocar/Tempfiles/ML_lane_follow/DataCollected/IMG10/Image_1680458292502317.jpg,0.0
/home/eldar/robocar/Tempfiles/ML_lane_follow/DataCollected/IMG10/Image_1680458292532219.jpg,0.0
/home/eldar/robocar/Tempfiles/ML_lane_follow/DataCollected/IMG10/Image_168045829257625.jpg,0.0
/home/eldar/robocar/Tempfiles/ML_lane_follow/DataCollected/IMG10/Image_1680458292609867.jpg,0.0
/home/eldar/robocar/Tempfiles/ML_lane_follow/DataCollected/IMG10/Image_1680458292642126.jpg,0.0
/home/eldar/robocar/Tempfiles/ML_lane_follow/DataCollected/IMG10/Image_1680458292677414.jpg,0.0
/home/eldar/robocar/Tempfiles/ML_lane_follow/DataCollected/IMG10/Image_1680458292708725.jpg,0.0
/home/eldar/robocar/Tempfiles/ML_lane_follow/DataCollected/IMG10/Image_168045829274231.jpg,0.0
/home/eldar/robocar/Tempfiles/ML_lane_follow/DataCollected/IMG10/Image_1680458292773597.jpg,0.0
/home/eldar/robocar/Tempfiles/ML_lane_follow/DataCollected/IMG10/Image_1680458292808977.jpg,0.0
/home/eldar/robocar/Tempfiles/ML_lane_follow/DataCollected/IMG10/Image_1680458292841597.jpg,0.0
/home/eldar/robocar/Tempfiles/ML_lane_follow/DataCollected/IMG10/Image_1680458292875907.jpg,0.0
/home/eldar/robocar/Tempfiles/ML_lane_follow/DataCollected/IMG10/Image_1680458292906868.jpg,0.0
/home/eldar/robocar/Tempfiles/ML_lane_follow/DataCollected/IMG10/Image_1680458292942002.jpg,0.0
/home/eldar/robocar/Tempfiles/ML_lane_follow/DataCollected/IMG10/Image_1680458292973207.jpg,0.0
/home/eldar/robocar/Tempfiles/ML_lane_follow/DataCollected/IMG10/Image_1680458293008951.jpg,0.999969482421875
/home/eldar/robocar/Tempfiles/ML_lane_follow/DataCollected/IMG10/Image_1680458293039641.jpg,0.999969482421875
/home/eldar/robocar/Tempfiles/ML_lane_follow/DataCollected/IMG10/Image_1680458293075371.jpg,0.999969482421875
/home/eldar/robocar/Tempfiles/ML_lane_follow/DataCollected/IMG10/Image_168045829310624.jpg,0.999969482421875
/home/eldar/robocar/Tempfiles/ML_lane_follow/DataCollected/IMG10/Image_1680458293142434.jpg,0.999969482421875
/home/eldar/robocar/Tempfiles/ML_lane_follow/DataCollected/IMG10/Image_1680458293174856.jpg,0.999969482421875
/home/eldar/robocar/Tempfiles/ML_lane_follow/DataCollected/IMG10/Image_1680458293208795.jpg,0.999969482421875
/home/eldar/robocar/Tempfiles/ML_lane_follow/DataCollected/IMG10/Image_1680458293239775.jpg,0.999969482421875
/home/eldar/robocar/Tempfiles/ML_lane_follow/DataCollected/IMG10/Image_1680458293274408.jpg,0.999969482421875
/home/eldar/robocar/Tempfiles/ML_lane_follow/DataCollected/IMG10/Image_1680458293305558.jpg,0.999969482421875
/home/eldar/robocar/Tempfiles/ML_lane_follow/DataCollected/IMG10/Image_1680458293342132.jpg,0.999969482421875
/home/eldar/robocar/Tempfiles/ML_lane_follow/DataCollected/IMG10/Image_1680458293380408.jpg,0.999969482421875
/home/eldar/robocar/Tempfiles/ML_lane_follow/DataCollected/IMG10/Image_1680458293408441.jpg,0.999969482421875
/home/eldar/robocar/Tempfiles/ML_lane_follow/DataCollected/IMG10/Image_1680458293439731.jpg,0.999969482421875
/home/eldar/robocar/Tempfiles/ML_lane_follow/DataCollected/IMG10/Image_1680458293466635.jpg,0.999969482421875
/home/eldar/robocar/Tempfiles/ML_lane_follow/DataCollected/IMG10/Image_1680458293500416.jpg,0.999969482421875
/home/eldar/robocar/Tempfiles/ML_lane_follow/DataCollected/IMG10/Image_1680458293531821.jpg,0.999969482421875
/home/eldar/robocar/Tempfiles/ML_lane_follow/DataCollected/IMG10/Image_1680458293566787.jpg,0.999969482421875
/home/eldar/robocar/Tempfiles/ML_lane_follow/DataCollected/IMG10/Image_1680458293598417.jpg,0.999969482421875
/home/eldar/robocar/Tempfiles/ML_lane_follow/DataCollected/IMG10/Image_1680458293632088.jpg,0.999969482421875
/home/eldar/robocar/Tempfiles/ML_lane_follow/DataCollected/IMG10/Image_1680458293671742.jpg,0.999969482421875
/home/eldar/robocar/Tempfiles/ML_lane_follow/DataCollected/IMG10/Image_1680458293698178.jpg,0.999969482421875
/home/eldar/robocar/Tempfiles/ML_lane_follow/DataCollected/IMG10/Image_1680458293732001.jpg,0.999969482421875
/home/eldar/robocar/Tempfiles/ML_lane_follow/DataCollected/IMG10/Image_1680458293765115.jpg,0.999969482421875
/home/eldar/robocar/Tempfiles/ML_lane_follow/DataCollected/IMG10/Image_1680458293799354.jpg,0.999969482421875
/home/eldar/robocar/Tempfiles/ML_lane_follow/DataCollected/IMG10/Image_1680458293834021.jpg,0.999969482421875
/home/eldar/robocar/Tempfiles/ML_lane_follow/DataCollected/IMG10/Image_1680458293865136.jpg,0.999969482421875
/home/eldar/robocar/Tempfiles/ML_lane_follow/DataCollected/IMG10/Image_1680458293899446.jpg,0.999969482421875
/home/eldar/robocar/Tempfiles/ML_lane_follow/DataCollected/IMG10/Image_1680458293932183.jpg,0.999969482421875
/home/eldar/robocar/Tempfiles/ML_lane_follow/DataCollected/IMG10/Image_168045829396534.jpg,0.999969482421875
/home/eldar/robocar/Tempfiles/ML_lane_follow/DataCollected/IMG10/Image_1680458294004845.jpg,0.999969482421875
/home/eldar/robocar/Tempfiles/ML_lane_follow/DataCollected/IMG10/Image_1680458294031918.jpg,0.999969482421875
/home/eldar/robocar/Tempfiles/ML_lane_follow/DataCollected/IMG10/Image_1680458294065146.jpg,0.999969482421875
/home/eldar/robocar/Tempfiles/ML_lane_follow/DataCollected/IMG10/Image_1680458294098883.jpg,0.999969482421875
/home/eldar/robocar/Tempfiles/ML_lane_follow/DataCollected/IMG10/Image_1680458294132947.jpg,0.999969482421875
/home/eldar/robocar/Tempfiles/ML_lane_follow/DataCollected/IMG10/Image_1680458294176409.jpg,0.999969482421875
/home/eldar/robocar/Tempfiles/ML_lane_follow/DataCollected/IMG10/Image_1680458294210045.jpg,0.999969482421875
/home/eldar/robocar/Tempfiles/ML_lane_follow/DataCollected/IMG10/Image_1680458294243489.jpg,0.999969482421875
/home/eldar/robocar/Tempfiles/ML_lane_follow/DataCollected/IMG10/Image_1680458294273897.jpg,0.999969482421875
/home/eldar/robocar/Tempfiles/ML_lane_follow/DataCollected/IMG10/Image_1680458294305207.jpg,0.999969482421875
/home/eldar/robocar/Tempfiles/ML_lane_follow/DataCollected/IMG10/Image_1680458294341411.jpg,0.999969482421875
/home/eldar/robocar/Tempfiles/ML_lane_follow/DataCollected/IMG10/Image_1680458294371222.jpg,0.999969482421875
/home/eldar/robocar/Tempfiles/ML_lane_follow/DataCollected/IMG10/Image_1680458294406555.jpg,0.999969482421875
/home/eldar/robocar/Tempfiles/ML_lane_follow/DataCollected/IMG10/Image_1680458294437837.jpg,0.999969482421875
/home/eldar/robocar/Tempfiles/ML_lane_follow/DataCollected/IMG10/Image_1680458294467523.jpg,0.999969482421875
/home/eldar/robocar/Tempfiles/ML_lane_follow/DataCollected/IMG10/Image_168045829450031.jpg,0.999969482421875
/home/eldar/robocar/Tempfiles/ML_lane_follow/DataCollected/IMG10/Image_1680458294531714.jpg,0.999969482421875
/home/eldar/robocar/Tempfiles/ML_lane_follow/DataCollected/IMG10/Image_1680458294565326.jpg,0.999969482421875
/home/eldar/robocar/Tempfiles/ML_lane_follow/DataCollected/IMG10/Image_1680458294599045.jpg,0.999969482421875
/home/eldar/robocar/Tempfiles/ML_lane_follow/DataCollected/IMG10/Image_1680458294632359.jpg,0.999969482421875
/home/eldar/robocar/Tempfiles/ML_lane_follow/DataCollected/IMG10/Image_1680458294666688.jpg,0.999969482421875
/home/eldar/robocar/Tempfiles/ML_lane_follow/DataCollected/IMG10/Image_1680458294700117.jpg,0.999969482421875
/home/eldar/robocar/Tempfiles/ML_lane_follow/DataCollected/IMG10/Image_1680458294731801.jpg,0.999969482421875
/home/eldar/robocar/Tempfiles/ML_lane_follow/DataCollected/IMG10/Image_1680458294765682.jpg,0.999969482421875
/home/eldar/robocar/Tempfiles/ML_lane_follow/DataCollected/IMG10/Image_1680458294799178.jpg,0.999969482421875
/home/eldar/robocar/Tempfiles/ML_lane_follow/DataCollected/IMG10/Image_1680458294833372.jpg,0.999969482421875
/home/eldar/robocar/Tempfiles/ML_lane_follow/DataCollected/IMG10/Image_168045829486554.jpg,0.999969482421875
/home/eldar/robocar/Tempfiles/ML_lane_follow/DataCollected/IMG10/Image_168045829489855.jpg,0.999969482421875
/home/eldar/robocar/Tempfiles/ML_lane_follow/DataCollected/IMG10/Image_1680458294931738.jpg,0.999969482421875
/home/eldar/robocar/Tempfiles/ML_lane_follow/DataCollected/IMG10/Image_1680458294965361.jpg,0.999969482421875
/home/eldar/robocar/Tempfiles/ML_lane_follow/DataCollected/IMG10/Image_1680458295003834.jpg,0.999969482421875
/home/eldar/robocar/Tempfiles/ML_lane_follow/DataCollected/IMG10/Image_1680458295032073.jpg,0.999969482421875
/home/eldar/robocar/Tempfiles/ML_lane_follow/DataCollected/IMG10/Image_1680458295064919.jpg,0.999969482421875
/home/eldar/robocar/Tempfiles/ML_lane_follow/DataCollected/IMG10/Image_1680458295099379.jpg,0.999969482421875
/home/eldar/robocar/Tempfiles/ML_lane_follow/DataCollected/IMG10/Image_1680458295132702.jpg,0.0
/home/eldar/robocar/Tempfiles/ML_lane_follow/DataCollected/IMG10/Image_1680458295175264.jpg,0.0
/home/eldar/robocar/Tempfiles/ML_lane_follow/DataCollected/IMG10/Image_168045829520719.jpg,0.2989501953125
/home/eldar/robocar/Tempfiles/ML_lane_follow/DataCollected/IMG10/Image_1680458295239017.jpg,0.999969482421875
/home/eldar/robocar/Tempfiles/ML_lane_follow/DataCollected/IMG10/Image_1680458295271796.jpg,0.999969482421875
/home/eldar/robocar/Tempfiles/ML_lane_follow/DataCollected/IMG10/Image_1680458295298372.jpg,0.999969482421875
/home/eldar/robocar/Tempfiles/ML_lane_follow/DataCollected/IMG10/Image_1680458295333152.jpg,0.999969482421875
/home/eldar/robocar/Tempfiles/ML_lane_follow/DataCollected/IMG10/Image_1680458295364965.jpg,0.999969482421875
/home/eldar/robocar/Tempfiles/ML_lane_follow/DataCollected/IMG10/Image_1680458295405165.jpg,0.999969482421875
/home/eldar/robocar/Tempfiles/ML_lane_follow/DataCollected/IMG10/Image_1680458295432344.jpg,0.999969482421875
/home/eldar/robocar/Tempfiles/ML_lane_follow/DataCollected/IMG10/Image_1680458295470932.jpg,0.999969482421875
/home/eldar/robocar/Tempfiles/ML_lane_follow/DataCollected/IMG10/Image_1680458295500119.jpg,0.999969482421875
/home/eldar/robocar/Tempfiles/ML_lane_follow/DataCollected/IMG10/Image_1680458295531958.jpg,0.999969482421875
/home/eldar/robocar/Tempfiles/ML_lane_follow/DataCollected/IMG10/Image_1680458295566768.jpg,0.999969482421875
/home/eldar/robocar/Tempfiles/ML_lane_follow/DataCollected/IMG10/Image_1680458295597905.jpg,0.999969482421875
/home/eldar/robocar/Tempfiles/ML_lane_follow/DataCollected/IMG10/Image_1680458295632056.jpg,0.999969482421875
/home/eldar/robocar/Tempfiles/ML_lane_follow/DataCollected/IMG10/Image_168045829567018.jpg,0.999969482421875
/home/eldar/robocar/Tempfiles/ML_lane_follow/DataCollected/IMG10/Image_1680458295698708.jpg,0.999969482421875
/home/eldar/robocar/Tempfiles/ML_lane_follow/DataCollected/IMG10/Image_1680458295731597.jpg,0.999969482421875
/home/eldar/robocar/Tempfiles/ML_lane_follow/DataCollected/IMG10/Image_1680458295764854.jpg,0.999969482421875
/home/eldar/robocar/Tempfiles/ML_lane_follow/DataCollected/IMG10/Image_1680458295798616.jpg,0.999969482421875
/home/eldar/robocar/Tempfiles/ML_lane_follow/DataCollected/IMG10/Image_1680458295833636.jpg,0.999969482421875
/home/eldar/robocar/Tempfiles/ML_lane_follow/DataCollected/IMG10/Image_1680458295865015.jpg,0.999969482421875
/home/eldar/robocar/Tempfiles/ML_lane_follow/DataCollected/IMG10/Image_1680458295898198.jpg,0.999969482421875
/home/eldar/robocar/Tempfiles/ML_lane_follow/DataCollected/IMG10/Image_1680458295931449.jpg,0.999969482421875
/home/eldar/robocar/Tempfiles/ML_lane_follow/DataCollected/IMG10/Image_1680458295976503.jpg,0.999969482421875
/home/eldar/robocar/Tempfiles/ML_lane_follow/DataCollected/IMG10/Image_1680458296010164.jpg,0.999969482421875
/home/eldar/robocar/Tempfiles/ML_lane_follow/DataCollected/IMG10/Image_1680458296041992.jpg,0.999969482421875
/home/eldar/robocar/Tempfiles/ML_lane_follow/DataCollected/IMG10/Image_1680458296078802.jpg,0.999969482421875
/home/eldar/robocar/Tempfiles/ML_lane_follow/DataCollected/IMG10/Image_1680458296112899.jpg,0.999969482421875
/home/eldar/robocar/Tempfiles/ML_lane_follow/DataCollected/IMG10/Image_1680458296143376.jpg,0.999969482421875
/home/eldar/robocar/Tempfiles/ML_lane_follow/DataCollected/IMG10/Image_1680458296176573.jpg,0.999969482421875
/home/eldar/robocar/Tempfiles/ML_lane_follow/DataCollected/IMG10/Image_1680458296208406.jpg,0.999969482421875
/home/eldar/robocar/Tempfiles/ML_lane_follow/DataCollected/IMG10/Image_1680458296239513.jpg,0.999969482421875
/home/eldar/robocar/Tempfiles/ML_lane_follow/DataCollected/IMG10/Image_1680458296277358.jpg,0.999969482421875
/home/eldar/robocar/Tempfiles/ML_lane_follow/DataCollected/IMG10/Image_1680458296308516.jpg,0.999969482421875
/home/eldar/robocar/Tempfiles/ML_lane_follow/DataCollected/IMG10/Image_1680458296342733.jpg,0.999969482421875
/home/eldar/robocar/Tempfiles/ML_lane_follow/DataCollected/IMG10/Image_1680458296378767.jpg,0.999969482421875
/home/eldar/robocar/Tempfiles/ML_lane_follow/DataCollected/IMG10/Image_1680458296413508.jpg,0.999969482421875
/home/eldar/robocar/Tempfiles/ML_lane_follow/DataCollected/IMG10/Image_168045829644722.jpg,0.999969482421875
/home/eldar/robocar/Tempfiles/ML_lane_follow/DataCollected/IMG10/Image_1680458296471975.jpg,0.999969482421875
/home/eldar/robocar/Tempfiles/ML_lane_follow/DataCollected/IMG10/Image_1680458296501912.jpg,0.999969482421875
/home/eldar/robocar/Tempfiles/ML_lane_follow/DataCollected/IMG10/Image_1680458296537365.jpg,0.0
/home/eldar/robocar/Tempfiles/ML_lane_follow/DataCollected/IMG10/Image_1680458296565564.jpg,0.0
/home/eldar/robocar/Tempfiles/ML_lane_follow/DataCollected/IMG10/Image_1680458296598927.jpg,0.0
/home/eldar/robocar/Tempfiles/ML_lane_follow/DataCollected/IMG10/Image_1680458296633169.jpg,0.0
/home/eldar/robocar/Tempfiles/ML_lane_follow/DataCollected/IMG10/Image_1680458296670067.jpg,0.0
/home/eldar/robocar/Tempfiles/ML_lane_follow/DataCollected/IMG10/Image_168045829669909.jpg,0.0
/home/eldar/robocar/Tempfiles/ML_lane_follow/DataCollected/IMG10/Image_1680458296736319.jpg,0.0
/home/eldar/robocar/Tempfiles/ML_lane_follow/DataCollected/IMG10/Image_1680458296765364.jpg,0.0
/home/eldar/robocar/Tempfiles/ML_lane_follow/DataCollected/IMG10/Image_1680458296799026.jpg,0.0
/home/eldar/robocar/Tempfiles/ML_lane_follow/DataCollected/IMG10/Image_1680458296835216.jpg,0.0
/home/eldar/robocar/Tempfiles/ML_lane_follow/DataCollected/IMG10/Image_1680458296865614.jpg,0.0
/home/eldar/robocar/Tempfiles/ML_lane_follow/DataCollected/IMG10/Image_1680458296898437.jpg,0.0
/home/eldar/robocar/Tempfiles/ML_lane_follow/DataCollected/IMG10/Image_1680458296931581.jpg,0.0
/home/eldar/robocar/Tempfiles/ML_lane_follow/DataCollected/IMG10/Image_168045829696447.jpg,0.0
/home/eldar/robocar/Tempfiles/ML_lane_follow/DataCollected/IMG10/Image_1680458297003327.jpg,0.0
/home/eldar/robocar/Tempfiles/ML_lane_follow/DataCollected/IMG10/Image_1680458297032173.jpg,0.0
/home/eldar/robocar/Tempfiles/ML_lane_follow/DataCollected/IMG10/Image_1680458297065237.jpg,0.0
/home/eldar/robocar/Tempfiles/ML_lane_follow/DataCollected/IMG10/Image_1680458297098503.jpg,0.0
/home/eldar/robocar/Tempfiles/ML_lane_follow/DataCollected/IMG10/Image_1680458297137328.jpg,0.999969482421875
/home/eldar/robocar/Tempfiles/ML_lane_follow/DataCollected/IMG10/Image_1680458297169926.jpg,0.999969482421875
/home/eldar/robocar/Tempfiles/ML_lane_follow/DataCollected/IMG10/Image_1680458297206264.jpg,0.999969482421875
/home/eldar/robocar/Tempfiles/ML_lane_follow/DataCollected/IMG10/Image_1680458297239873.jpg,0.999969482421875
/home/eldar/robocar/Tempfiles/ML_lane_follow/DataCollected/IMG10/Image_1680458297271405.jpg,0.999969482421875
/home/eldar/robocar/Tempfiles/ML_lane_follow/DataCollected/IMG10/Image_1680458297298828.jpg,0.999969482421875
/home/eldar/robocar/Tempfiles/ML_lane_follow/DataCollected/IMG10/Image_1680458297337106.jpg,0.999969482421875
/home/eldar/robocar/Tempfiles/ML_lane_follow/DataCollected/IMG10/Image_168045829736488.jpg,0.999969482421875
/home/eldar/robocar/Tempfiles/ML_lane_follow/DataCollected/IMG10/Image_1680458297399097.jpg,0.999969482421875
/home/eldar/robocar/Tempfiles/ML_lane_follow/DataCollected/IMG10/Image_1680458297432365.jpg,0.999969482421875
/home/eldar/robocar/Tempfiles/ML_lane_follow/DataCollected/IMG10/Image_168045829746976.jpg,0.999969482421875
/home/eldar/robocar/Tempfiles/ML_lane_follow/DataCollected/IMG10/Image_1680458297499867.jpg,0.0
/home/eldar/robocar/Tempfiles/ML_lane_follow/DataCollected/IMG10/Image_1680458297531747.jpg,0.0
/home/eldar/robocar/Tempfiles/ML_lane_follow/DataCollected/IMG10/Image_1680458297565963.jpg,0.0
/home/eldar/robocar/Tempfiles/ML_lane_follow/DataCollected/IMG10/Image_168045829759859.jpg,0.0
/home/eldar/robocar/Tempfiles/ML_lane_follow/DataCollected/IMG10/Image_1680458297632144.jpg,0.0
/home/eldar/robocar/Tempfiles/ML_lane_follow/DataCollected/IMG10/Image_1680458297670403.jpg,0.0
/home/eldar/robocar/Tempfiles/ML_lane_follow/DataCollected/IMG10/Image_1680458297698372.jpg,0.0
/home/eldar/robocar/Tempfiles/ML_lane_follow/DataCollected/IMG10/Image_1680458297731843.jpg,0.0
/home/eldar/robocar/Tempfiles/ML_lane_follow/DataCollected/IMG10/Image_1680458297765873.jpg,0.0
/home/eldar/robocar/Tempfiles/ML_lane_follow/DataCollected/IMG10/Image_1680458297802852.jpg,0.0
/home/eldar/robocar/Tempfiles/ML_lane_follow/DataCollected/IMG10/Image_1680458297835114.jpg,0.0
/home/eldar/robocar/Tempfiles/ML_lane_follow/DataCollected/IMG10/Image_1680458297865054.jpg,0.0
/home/eldar/robocar/Tempfiles/ML_lane_follow/DataCollected/IMG10/Image_1680458297898681.jpg,0.999969482421875
/home/eldar/robocar/Tempfiles/ML_lane_follow/DataCollected/IMG10/Image_1680458297932349.jpg,0.999969482421875
/home/eldar/robocar/Tempfiles/ML_lane_follow/DataCollected/IMG10/Image_1680458297965492.jpg,0.999969482421875
/home/eldar/robocar/Tempfiles/ML_lane_follow/DataCollected/IMG10/Image_1680458298007461.jpg,0.999969482421875
/home/eldar/robocar/Tempfiles/ML_lane_follow/DataCollected/IMG10/Image_1680458298039527.jpg,0.999969482421875
/home/eldar/robocar/Tempfiles/ML_lane_follow/DataCollected/IMG10/Image_1680458298071745.jpg,0.999969482421875
/home/eldar/robocar/Tempfiles/ML_lane_follow/DataCollected/IMG10/Image_1680458298098751.jpg,0.999969482421875
/home/eldar/robocar/Tempfiles/ML_lane_follow/DataCollected/IMG10/Image_1680458298135609.jpg,0.0
/home/eldar/robocar/Tempfiles/ML_lane_follow/DataCollected/IMG10/Image_1680458298167982.jpg,0.0
/home/eldar/robocar/Tempfiles/ML_lane_follow/DataCollected/IMG10/Image_1680458298198063.jpg,0.0
/home/eldar/robocar/Tempfiles/ML_lane_follow/DataCollected/IMG10/Image_1680458298231535.jpg,0.999969482421875
/home/eldar/robocar/Tempfiles/ML_lane_follow/DataCollected/IMG10/Image_1680458298269007.jpg,0.999969482421875
/home/eldar/robocar/Tempfiles/ML_lane_follow/DataCollected/IMG10/Image_1680458298298634.jpg,0.999969482421875
/home/eldar/robocar/Tempfiles/ML_lane_follow/DataCollected/IMG10/Image_1680458298336755.jpg,0.999969482421875
/home/eldar/robocar/Tempfiles/ML_lane_follow/DataCollected/IMG10/Image_1680458298367278.jpg,0.999969482421875
/home/eldar/robocar/Tempfiles/ML_lane_follow/DataCollected/IMG10/Image_1680458298398176.jpg,0.999969482421875
/home/eldar/robocar/Tempfiles/ML_lane_follow/DataCollected/IMG10/Image_1680458298433897.jpg,0.999969482421875
/home/eldar/robocar/Tempfiles/ML_lane_follow/DataCollected/IMG10/Image_1680458298470637.jpg,0.999969482421875
/home/eldar/robocar/Tempfiles/ML_lane_follow/DataCollected/IMG10/Image_1680458298501281.jpg,0.999969482421875
/home/eldar/robocar/Tempfiles/ML_lane_follow/DataCollected/IMG10/Image_1680458298531057.jpg,0.999969482421875
/home/eldar/robocar/Tempfiles/ML_lane_follow/DataCollected/IMG10/Image_1680458298565955.jpg,0.999969482421875
/home/eldar/robocar/Tempfiles/ML_lane_follow/DataCollected/IMG10/Image_1680458298598487.jpg,0.999969482421875
/home/eldar/robocar/Tempfiles/ML_lane_follow/DataCollected/IMG10/Image_168045829863166.jpg,0.0
/home/eldar/robocar/Tempfiles/ML_lane_follow/DataCollected/IMG10/Image_1680458298669516.jpg,0.0
/home/eldar/robocar/Tempfiles/ML_lane_follow/DataCollected/IMG10/Image_1680458298699539.jpg,0.0
/home/eldar/robocar/Tempfiles/ML_lane_follow/DataCollected/IMG10/Image_1680458298730943.jpg,0.0
/home/eldar/robocar/Tempfiles/ML_lane_follow/DataCollected/IMG10/Image_1680458298765025.jpg,0.0
/home/eldar/robocar/Tempfiles/ML_lane_follow/DataCollected/IMG10/Image_1680458298807937.jpg,0.0
/home/eldar/robocar/Tempfiles/ML_lane_follow/DataCollected/IMG10/Image_1680458298842474.jpg,0.0
/home/eldar/robocar/Tempfiles/ML_lane_follow/DataCollected/IMG10/Image_1680458298874924.jpg,0.0
/home/eldar/robocar/Tempfiles/ML_lane_follow/DataCollected/IMG10/Image_1680458298905715.jpg,0.0
/home/eldar/robocar/Tempfiles/ML_lane_follow/DataCollected/IMG10/Image_1680458298938559.jpg,0.0
/home/eldar/robocar/Tempfiles/ML_lane_follow/DataCollected/IMG10/Image_1680458298972257.jpg,0.0
/home/eldar/robocar/Tempfiles/ML_lane_follow/DataCollected/IMG10/Image_1680458299008616.jpg,0.999969482421875
/home/eldar/robocar/Tempfiles/ML_lane_follow/DataCollected/IMG10/Image_1680458299041195.jpg,0.999969482421875
/home/eldar/robocar/Tempfiles/ML_lane_follow/DataCollected/IMG10/Image_1680458299074494.jpg,0.999969482421875
/home/eldar/robocar/Tempfiles/ML_lane_follow/DataCollected/IMG10/Image_168045829910469.jpg,0.999969482421875
/home/eldar/robocar/Tempfiles/ML_lane_follow/DataCollected/IMG10/Image_1680458299139151.jpg,0.999969482421875
/home/eldar/robocar/Tempfiles/ML_lane_follow/DataCollected/IMG10/Image_168045829917382.jpg,0.999969482421875
/home/eldar/robocar/Tempfiles/ML_lane_follow/DataCollected/IMG10/Image_1680458299206133.jpg,0.999969482421875
/home/eldar/robocar/Tempfiles/ML_lane_follow/DataCollected/IMG10/Image_1680458299238743.jpg,0.999969482421875
/home/eldar/robocar/Tempfiles/ML_lane_follow/DataCollected/IMG10/Image_1680458299272021.jpg,0.999969482421875
/home/eldar/robocar/Tempfiles/ML_lane_follow/DataCollected/IMG10/Image_1680458299305682.jpg,0.999969482421875
/home/eldar/robocar/Tempfiles/ML_lane_follow/DataCollected/IMG10/Image_1680458299341399.jpg,0.999969482421875
/home/eldar/robocar/Tempfiles/ML_lane_follow/DataCollected/IMG10/Image_1680458299373667.jpg,0.999969482421875
/home/eldar/robocar/Tempfiles/ML_lane_follow/DataCollected/IMG10/Image_1680458299419852.jpg,0.999969482421875
/home/eldar/robocar/Tempfiles/ML_lane_follow/DataCollected/IMG10/Image_1680458299446791.jpg,0.999969482421875
/home/eldar/robocar/Tempfiles/ML_lane_follow/DataCollected/IMG10/Image_1680458299477599.jpg,0.999969482421875
/home/eldar/robocar/Tempfiles/ML_lane_follow/DataCollected/IMG10/Image_1680458299501745.jpg,0.999969482421875
/home/eldar/robocar/Tempfiles/ML_lane_follow/DataCollected/IMG10/Image_1680458299531159.jpg,0.999969482421875
/home/eldar/robocar/Tempfiles/ML_lane_follow/DataCollected/IMG10/Image_1680458299566114.jpg,0.999969482421875
/home/eldar/robocar/Tempfiles/ML_lane_follow/DataCollected/IMG10/Image_1680458299597434.jpg,0.999969482421875
/home/eldar/robocar/Tempfiles/ML_lane_follow/DataCollected/IMG10/Image_1680458299630903.jpg,0.999969482421875
/home/eldar/robocar/Tempfiles/ML_lane_follow/DataCollected/IMG10/Image_1680458299668999.jpg,0.999969482421875
/home/eldar/robocar/Tempfiles/ML_lane_follow/DataCollected/IMG10/Image_1680458299699243.jpg,0.999969482421875
/home/eldar/robocar/Tempfiles/ML_lane_follow/DataCollected/IMG10/Image_1680458299730734.jpg,0.999969482421875
/home/eldar/robocar/Tempfiles/ML_lane_follow/DataCollected/IMG10/Image_1680458299763843.jpg,0.999969482421875
/home/eldar/robocar/Tempfiles/ML_lane_follow/DataCollected/IMG10/Image_1680458299802604.jpg,0.0
/home/eldar/robocar/Tempfiles/ML_lane_follow/DataCollected/IMG10/Image_1680458299832429.jpg,0.0
/home/eldar/robocar/Tempfiles/ML_lane_follow/DataCollected/IMG10/Image_1680458299864194.jpg,0.0
/home/eldar/robocar/Tempfiles/ML_lane_follow/DataCollected/IMG10/Image_1680458299898512.jpg,0.0
/home/eldar/robocar/Tempfiles/ML_lane_follow/DataCollected/IMG10/Image_1680458299930315.jpg,0.0
/home/eldar/robocar/Tempfiles/ML_lane_follow/DataCollected/IMG10/Image_1680458299963998.jpg,0.0
/home/eldar/robocar/Tempfiles/ML_lane_follow/DataCollected/IMG10/Image_1680458300002371.jpg,0.0
/home/eldar/robocar/Tempfiles/ML_lane_follow/DataCollected/IMG10/Image_1680458300030989.jpg,0.0
/home/eldar/robocar/Tempfiles/ML_lane_follow/DataCollected/IMG10/Image_1680458300064198.jpg,0.0
/home/eldar/robocar/Tempfiles/ML_lane_follow/DataCollected/IMG10/Image_168045830010545.jpg,0.0
/home/eldar/robocar/Tempfiles/ML_lane_follow/DataCollected/IMG10/Image_1680458300131256.jpg,0.0
/home/eldar/robocar/Tempfiles/ML_lane_follow/DataCollected/IMG10/Image_1680458300166089.jpg,0.0
/home/eldar/robocar/Tempfiles/ML_lane_follow/DataCollected/IMG10/Image_1680458300209989.jpg,0.0
/home/eldar/robocar/Tempfiles/ML_lane_follow/DataCollected/IMG10/Image_1680458300242522.jpg,0.0
/home/eldar/robocar/Tempfiles/ML_lane_follow/DataCollected/IMG10/Image_1680458300279058.jpg,0.0
/home/eldar/robocar/Tempfiles/ML_lane_follow/DataCollected/IMG10/Image_168045830030377.jpg,0.0
/home/eldar/robocar/Tempfiles/ML_lane_follow/DataCollected/IMG10/Image_1680458300338961.jpg,0.0
/home/eldar/robocar/Tempfiles/ML_lane_follow/DataCollected/IMG10/Image_1680458300371542.jpg,0.0
/home/eldar/robocar/Tempfiles/ML_lane_follow/DataCollected/IMG10/Image_1680458300404915.jpg,0.134002685546875
/home/eldar/robocar/Tempfiles/ML_lane_follow/DataCollected/IMG10/Image_1680458300438395.jpg,0.999969482421875
/home/eldar/robocar/Tempfiles/ML_lane_follow/DataCollected/IMG10/Image_1680458300472414.jpg,0.999969482421875
/home/eldar/robocar/Tempfiles/ML_lane_follow/DataCollected/IMG10/Image_168045830050197.jpg,0.999969482421875
/home/eldar/robocar/Tempfiles/ML_lane_follow/DataCollected/IMG10/Image_168045830053418.jpg,0.999969482421875
/home/eldar/robocar/Tempfiles/ML_lane_follow/DataCollected/IMG10/Image_1680458300564201.jpg,0.999969482421875
/home/eldar/robocar/Tempfiles/ML_lane_follow/DataCollected/IMG10/Image_1680458300597253.jpg,0.999969482421875
/home/eldar/robocar/Tempfiles/ML_lane_follow/DataCollected/IMG10/Image_1680458300630387.jpg,0.999969482421875
/home/eldar/robocar/Tempfiles/ML_lane_follow/DataCollected/IMG10/Image_1680458300668732.jpg,0.999969482421875
/home/eldar/robocar/Tempfiles/ML_lane_follow/DataCollected/IMG10/Image_1680458300697669.jpg,0.999969482421875
/home/eldar/robocar/Tempfiles/ML_lane_follow/DataCollected/IMG10/Image_1680458300730429.jpg,0.999969482421875
/home/eldar/robocar/Tempfiles/ML_lane_follow/DataCollected/IMG10/Image_1680458300763889.jpg,0.999969482421875
/home/eldar/robocar/Tempfiles/ML_lane_follow/DataCollected/IMG10/Image_168045830080202.jpg,0.999969482421875
/home/eldar/robocar/Tempfiles/ML_lane_follow/DataCollected/IMG10/Image_1680458300832064.jpg,0.999969482421875
/home/eldar/robocar/Tempfiles/ML_lane_follow/DataCollected/IMG10/Image_1680458300863962.jpg,0.999969482421875
/home/eldar/robocar/Tempfiles/ML_lane_follow/DataCollected/IMG10/Image_168045830089728.jpg,0.999969482421875
/home/eldar/robocar/Tempfiles/ML_lane_follow/DataCollected/IMG10/Image_1680458300930154.jpg,0.999969482421875
/home/eldar/robocar/Tempfiles/ML_lane_follow/DataCollected/IMG10/Image_1680458300964271.jpg,0.999969482421875
/home/eldar/robocar/Tempfiles/ML_lane_follow/DataCollected/IMG10/Image_1680458301002035.jpg,0.999969482421875
/home/eldar/robocar/Tempfiles/ML_lane_follow/DataCollected/IMG10/Image_1680458301030448.jpg,0.999969482421875
/home/eldar/robocar/Tempfiles/ML_lane_follow/DataCollected/IMG10/Image_1680458301064293.jpg,0.999969482421875
/home/eldar/robocar/Tempfiles/ML_lane_follow/DataCollected/IMG10/Image_1680458301096928.jpg,0.999969482421875
/home/eldar/robocar/Tempfiles/ML_lane_follow/DataCollected/IMG10/Image_1680458301135221.jpg,0.999969482421875
/home/eldar/robocar/Tempfiles/ML_lane_follow/DataCollected/IMG10/Image_1680458301165105.jpg,0.999969482421875
/home/eldar/robocar/Tempfiles/ML_lane_follow/DataCollected/IMG10/Image_1680458301205048.jpg,0.999969482421875
/home/eldar/robocar/Tempfiles/ML_lane_follow/DataCollected/IMG10/Image_1680458301241476.jpg,0.999969482421875
/home/eldar/robocar/Tempfiles/ML_lane_follow/DataCollected/IMG10/Image_1680458301281603.jpg,0.999969482421875
/home/eldar/robocar/Tempfiles/ML_lane_follow/DataCollected/IMG10/Image_1680458301304427.jpg,0.999969482421875
/home/eldar/robocar/Tempfiles/ML_lane_follow/DataCollected/IMG10/Image_1680458301335092.jpg,0.999969482421875
/home/eldar/robocar/Tempfiles/ML_lane_follow/DataCollected/IMG10/Image_1680458301363101.jpg,0.999969482421875
/home/eldar/robocar/Tempfiles/ML_lane_follow/DataCollected/IMG10/Image_1680458301400704.jpg,0.999969482421875
/home/eldar/robocar/Tempfiles/ML_lane_follow/DataCollected/IMG10/Image_168045830143152.jpg,0.999969482421875
/home/eldar/robocar/Tempfiles/ML_lane_follow/DataCollected/IMG10/Image_1680458301468017.jpg,0.999969482421875
/home/eldar/robocar/Tempfiles/ML_lane_follow/DataCollected/IMG10/Image_1680458301498958.jpg,0.0
/home/eldar/robocar/Tempfiles/ML_lane_follow/DataCollected/IMG10/Image_1680458301535161.jpg,0.0
/home/eldar/robocar/Tempfiles/ML_lane_follow/DataCollected/IMG10/Image_1680458301564164.jpg,0.0
/home/eldar/robocar/Tempfiles/ML_lane_follow/DataCollected/IMG10/Image_1680458301596855.jpg,0.0
/home/eldar/robocar/Tempfiles/ML_lane_follow/DataCollected/IMG10/Image_1680458301631622.jpg,0.0
/home/eldar/robocar/Tempfiles/ML_lane_follow/DataCollected/IMG10/Image_1680458301668416.jpg,0.0
/home/eldar/robocar/Tempfiles/ML_lane_follow/DataCollected/IMG10/Image_1680458301697223.jpg,0.0
/home/eldar/robocar/Tempfiles/ML_lane_follow/DataCollected/IMG10/Image_1680458301729943.jpg,0.0
/home/eldar/robocar/Tempfiles/ML_lane_follow/DataCollected/IMG10/Image_1680458301763255.jpg,0.0
/home/eldar/robocar/Tempfiles/ML_lane_follow/DataCollected/IMG10/Image_1680458301800632.jpg,0.0
/home/eldar/robocar/Tempfiles/ML_lane_follow/DataCollected/IMG10/Image_1680458301827488.jpg,0.0
/home/eldar/robocar/Tempfiles/ML_lane_follow/DataCollected/IMG10/Image_1680458301856945.jpg,0.0
/home/eldar/robocar/Tempfiles/ML_lane_follow/DataCollected/IMG10/Image_1680458301890346.jpg,0.0
/home/eldar/robocar/Tempfiles/ML_lane_follow/DataCollected/IMG10/Image_1680458301923563.jpg,0.999969482421875
/home/eldar/robocar/Tempfiles/ML_lane_follow/DataCollected/IMG10/Image_1680458301957167.jpg,0.999969482421875
/home/eldar/robocar/Tempfiles/ML_lane_follow/DataCollected/IMG10/Image_1680458301992131.jpg,0.999969482421875
/home/eldar/robocar/Tempfiles/ML_lane_follow/DataCollected/IMG10/Image_1680458302028999.jpg,0.999969482421875
/home/eldar/robocar/Tempfiles/ML_lane_follow/DataCollected/IMG10/Image_1680458302061934.jpg,0.999969482421875
/home/eldar/robocar/Tempfiles/ML_lane_follow/DataCollected/IMG10/Image_1680458302095115.jpg,0.999969482421875
/home/eldar/robocar/Tempfiles/ML_lane_follow/DataCollected/IMG10/Image_1680458302127959.jpg,0.999969482421875
/home/eldar/robocar/Tempfiles/ML_lane_follow/DataCollected/IMG10/Image_1680458302162112.jpg,0.999969482421875
/home/eldar/robocar/Tempfiles/ML_lane_follow/DataCollected/IMG10/Image_1680458302193508.jpg,0.999969482421875
/home/eldar/robocar/Tempfiles/ML_lane_follow/DataCollected/IMG10/Image_1680458302226477.jpg,0.999969482421875
/home/eldar/robocar/Tempfiles/ML_lane_follow/DataCollected/IMG10/Image_1680458302259993.jpg,0.999969482421875
/home/eldar/robocar/Tempfiles/ML_lane_follow/DataCollected/IMG10/Image_1680458302293529.jpg,0.999969482421875
/home/eldar/robocar/Tempfiles/ML_lane_follow/DataCollected/IMG10/Image_1680458302328486.jpg,0.701019287109375
/home/eldar/robocar/Tempfiles/ML_lane_follow/DataCollected/IMG10/Image_1680458302360737.jpg,0.701019287109375
/home/eldar/robocar/Tempfiles/ML_lane_follow/DataCollected/IMG10/Image_1680458302393261.jpg,0.701019287109375
/home/eldar/robocar/Tempfiles/ML_lane_follow/DataCollected/IMG10/Image_1680458302426914.jpg,0.0
/home/eldar/robocar/Tempfiles/ML_lane_follow/DataCollected/IMG10/Image_1680458302461826.jpg,0.0
/home/eldar/robocar/Tempfiles/ML_lane_follow/DataCollected/IMG10/Image_1680458302495216.jpg,0.0
/home/eldar/robocar/Tempfiles/ML_lane_follow/DataCollected/IMG10/Image_168045830252315.jpg,0.0
/home/eldar/robocar/Tempfiles/ML_lane_follow/DataCollected/IMG10/Image_16804583025564.jpg,0.0
/home/eldar/robocar/Tempfiles/ML_lane_follow/DataCollected/IMG10/Image_1680458302590243.jpg,0.0
/home/eldar/robocar/Tempfiles/ML_lane_follow/DataCollected/IMG10/Image_1680458302623535.jpg,0.0
/home/eldar/robocar/Tempfiles/ML_lane_follow/DataCollected/IMG10/Image_1680458302658273.jpg,0.0
/home/eldar/robocar/Tempfiles/ML_lane_follow/DataCollected/IMG10/Image_1680458302690985.jpg,0.0
/home/eldar/robocar/Tempfiles/ML_lane_follow/DataCollected/IMG10/Image_1680458302723114.jpg,0.0
/home/eldar/robocar/Tempfiles/ML_lane_follow/DataCollected/IMG10/Image_1680458302757071.jpg,0.0
/home/eldar/robocar/Tempfiles/ML_lane_follow/DataCollected/IMG10/Image_1680458302790459.jpg,0.0
/home/eldar/robocar/Tempfiles/ML_lane_follow/DataCollected/IMG10/Image_1680458302824985.jpg,0.0
/home/eldar/robocar/Tempfiles/ML_lane_follow/DataCollected/IMG10/Image_1680458302856959.jpg,0.0
/home/eldar/robocar/Tempfiles/ML_lane_follow/DataCollected/IMG10/Image_1680458302889807.jpg,0.0
/home/eldar/robocar/Tempfiles/ML_lane_follow/DataCollected/IMG10/Image_1680458302922472.jpg,0.0
/home/eldar/robocar/Tempfiles/ML_lane_follow/DataCollected/IMG10/Image_168045830295747.jpg,0.0
/home/eldar/robocar/Tempfiles/ML_lane_follow/DataCollected/IMG10/Image_1680458302991464.jpg,0.0
/home/eldar/robocar/Tempfiles/ML_lane_follow/DataCollected/IMG10/Image_1680458303023004.jpg,0.0
/home/eldar/robocar/Tempfiles/ML_lane_follow/DataCollected/IMG10/Image_168045830305756.jpg,0.0
/home/eldar/robocar/Tempfiles/ML_lane_follow/DataCollected/IMG10/Image_1680458303089145.jpg,0.0
/home/eldar/robocar/Tempfiles/ML_lane_follow/DataCollected/IMG10/Image_1680458303124939.jpg,0.0
/home/eldar/robocar/Tempfiles/ML_lane_follow/DataCollected/IMG10/Image_1680458303161085.jpg,0.0
/home/eldar/robocar/Tempfiles/ML_lane_follow/DataCollected/IMG10/Image_1680458303191456.jpg,0.0
/home/eldar/robocar/Tempfiles/ML_lane_follow/DataCollected/IMG10/Image_1680458303228655.jpg,0.0
/home/eldar/robocar/Tempfiles/ML_lane_follow/DataCollected/IMG10/Image_168045830326208.jpg,0.0
/home/eldar/robocar/Tempfiles/ML_lane_follow/DataCollected/IMG10/Image_1680458303295054.jpg,0.0
/home/eldar/robocar/Tempfiles/ML_lane_follow/DataCollected/IMG10/Image_1680458303328496.jpg,0.0
/home/eldar/robocar/Tempfiles/ML_lane_follow/DataCollected/IMG10/Image_1680458303360914.jpg,0.0
/home/eldar/robocar/Tempfiles/ML_lane_follow/DataCollected/IMG10/Image_1680458303395559.jpg,0.0
/home/eldar/robocar/Tempfiles/ML_lane_follow/DataCollected/IMG10/Image_168045830342772.jpg,0.0
/home/eldar/robocar/Tempfiles/ML_lane_follow/DataCollected/IMG10/Image_1680458303461946.jpg,0.0
/home/eldar/robocar/Tempfiles/ML_lane_follow/DataCollected/IMG10/Image_1680458303496043.jpg,0.0
/home/eldar/robocar/Tempfiles/ML_lane_follow/DataCollected/IMG10/Image_1680458303522887.jpg,0.0
/home/eldar/robocar/Tempfiles/ML_lane_follow/DataCollected/IMG10/Image_1680458303556618.jpg,0.0
/home/eldar/robocar/Tempfiles/ML_lane_follow/DataCollected/IMG10/Image_1680458303589176.jpg,0.0
/home/eldar/robocar/Tempfiles/ML_lane_follow/DataCollected/IMG10/Image_1680458303622719.jpg,0.0
/home/eldar/robocar/Tempfiles/ML_lane_follow/DataCollected/IMG10/Image_1680458303657722.jpg,0.0
/home/eldar/robocar/Tempfiles/ML_lane_follow/DataCollected/IMG10/Image_1680458303689467.jpg,0.0
/home/eldar/robocar/Tempfiles/ML_lane_follow/DataCollected/IMG10/Image_1680458303722756.jpg,0.0
/home/eldar/robocar/Tempfiles/ML_lane_follow/DataCollected/IMG10/Image_1680458303755521.jpg,0.0
/home/eldar/robocar/Tempfiles/ML_lane_follow/DataCollected/IMG10/Image_1680458303790175.jpg,0.0
/home/eldar/robocar/Tempfiles/ML_lane_follow/DataCollected/IMG10/Image_1680458303824281.jpg,0.0
/home/eldar/robocar/Tempfiles/ML_lane_follow/DataCollected/IMG10/Image_1680458303855807.jpg,0.0
/home/eldar/robocar/Tempfiles/ML_lane_follow/DataCollected/IMG10/Image_1680458303889259.jpg,0.0
/home/eldar/robocar/Tempfiles/ML_lane_follow/DataCollected/IMG10/Image_1680458303922682.jpg,0.0
/home/eldar/robocar/Tempfiles/ML_lane_follow/DataCollected/IMG10/Image_1680458303956149.jpg,0.0
/home/eldar/robocar/Tempfiles/ML_lane_follow/DataCollected/IMG10/Image_1680458303991724.jpg,0.0
/home/eldar/robocar/Tempfiles/ML_lane_follow/DataCollected/IMG10/Image_1680458304022823.jpg,0.0
/home/eldar/robocar/Tempfiles/ML_lane_follow/DataCollected/IMG10/Image_1680458304056229.jpg,0.0
/home/eldar/robocar/Tempfiles/ML_lane_follow/DataCollected/IMG10/Image_1680458304089736.jpg,0.0
/home/eldar/robocar/Tempfiles/ML_lane_follow/DataCollected/IMG10/Image_1680458304122867.jpg,0.0
/home/eldar/robocar/Tempfiles/ML_lane_follow/DataCollected/IMG10/Image_1680458304158006.jpg,0.0
/home/eldar/robocar/Tempfiles/ML_lane_follow/DataCollected/IMG10/Image_168045830418933.jpg,0.0
